chromosome,assembler,code,phase,kind,seconds,peak_gb,delta_gb
chr1,minigraph-cactus,new,Parsing layout,section,4.1,0.265,0.192
chr1,minigraph-cactus,new,Gathering paths from GFA,step,88.8,2.828,2.563
chr1,minigraph-cactus,new,Gathering segments and links from GFA,step,70.8,5.992,3.35
chr1,minigraph-cactus,new,Parsing GFA file: chr1.hprc-v1.1-mc-grch38.gfa,section,166.3,5.992,5.728
chr1,minigraph-cactus,new,Building graph,step,30.6,5.678,3.61
chr1,minigraph-cactus,new,Compacting graph,step,32.0,6.063,4.035
chr1,minigraph-cactus,new,Finding bubbles and chains,step,40.2,3.482,1.331
chr1,minigraph-cactus,new,Indexing bubbles,step,48.1,3.582,1.659
chr1,minigraph-cactus,new,Finding bubbles,section,151.0,6.063,4.785
chr1,minigraph-cactus,new,Loading top-level bubbles,step,20.2,4.889,2.926
chr1,minigraph-cactus,new,Assembling chains,step,2.0,5.122,0.233
chr1,minigraph-cactus,new,Decomposing chains,step,45.5,5.245,0.123
chr1,minigraph-cactus,new,Saving polychain index,step,4.4,5.245,0.0
chr1,minigraph-cactus,new,Exporting polychain data,step,31.8,2.779,-0.298
chr1,minigraph-cactus,new,Building polychain index,section,104.2,5.245,3.283
chr1,minigraph-cactus,new,Computing subpath bp ranges,section,11.1,2.706,0.143
chr1,minigraph-cactus,new,Computing graph topology,step,49.2,3.917,1.368
chr1,minigraph-cactus,new,Building polylines,step,11.2,5.564,1.647
chr1,minigraph-cactus,new,Building reference spine,step,18.7,6.169,0.618
chr1,minigraph-cactus,new,Annotating chains,step,23.8,5.999,0.373
chr1,minigraph-cactus,new,Exporting skeleton,step,55.1,7.244,1.246
chr1,minigraph-cactus,new,Computing graph metadata,step,0.8,6.486,0.352
chr1,minigraph-cactus,new,Building skeleton,section,158.7,7.244,4.694
chr1,pggb,new,Parsing layout,section,10.9,0.409,0.333
chr1,pggb,new,Gathering paths from GFA,step,165.5,4.515,4.106
chr1,pggb,new,Gathering segments and links from GFA,step,209.3,9.565,5.435
chr1,pggb,new,Parsing GFA file: chr1.hprc-v1.0-pggb.sorted.gfa,section,382.3,9.565,9.15
chr1,pggb,new,Building graph,step,57.1,9.723,8.382
chr1,pggb,new,Compacting graph,step,56.8,9.691,6.183
chr1,pggb,new,Finding bubbles and chains,step,89.2,5.624,2.078
chr1,pggb,new,Indexing bubbles,step,80.1,4.377,1.696
chr1,pggb,new,Finding bubbles,section,283.7,9.723,7.86
chr1,pggb,new,Loading top-level bubbles,step,32.5,7.175,3.517
chr1,pggb,new,Assembling chains,step,6.3,7.264,0.089
chr1,pggb,new,Decomposing chains,step,75.6,8.152,0.888
chr1,pggb,new,Saving polychain index,step,20.9,8.151,-0.001
chr1,pggb,new,Exporting polychain data,step,123.3,5.765,0.239
chr1,pggb,new,Building polychain index,section,259.4,8.152,5.416
chr1,pggb,new,Computing subpath bp ranges,section,19.6,5.768,0.281
chr1,pggb,new,Computing graph topology,step,88.0,6.588,1.067
chr1,pggb,new,Building polylines,step,20.4,9.011,3.036
chr1,pggb,new,Building reference spine,step,20.0,9.674,0.652
chr1,pggb,new,Annotating chains,step,41.2,9.785,0.704
chr1,pggb,new,Exporting skeleton,step,179.6,12.732,2.947
chr1,pggb,new,Computing graph metadata,step,2.9,9.526,0.427
chr1,pggb,new,Building skeleton,section,352.1,12.732,7.211
chr2,minigraph-cactus,new,Parsing layout,section,4.4,0.27,0.195
chr2,minigraph-cactus,new,Gathering paths from GFA,step,99.1,2.876,2.606
chr2,minigraph-cactus,new,Gathering segments and links from GFA,step,77.4,6.145,3.411
chr2,minigraph-cactus,new,Parsing GFA file: chr2.hprc-v1.1-mc-grch38.gfa,section,183.8,6.145,5.877
chr2,minigraph-cactus,new,Building graph,step,31.3,5.738,4.637
chr2,minigraph-cactus,new,Compacting graph,step,33.0,6.025,4.394
chr2,minigraph-cactus,new,Finding bubbles and chains,step,38.3,3.411,1.31
chr2,minigraph-cactus,new,Indexing bubbles,step,48.1,3.481,1.745
chr2,minigraph-cactus,new,Finding bubbles,section,151.0,6.025,4.533
chr2,minigraph-cactus,new,Loading top-level bubbles,step,21.2,5.057,2.368
chr2,minigraph-cactus,new,Assembling chains,step,2.1,5.302,0.245
chr2,minigraph-cactus,new,Decomposing chains,step,46.1,5.42,0.231
chr2,minigraph-cactus,new,Saving polychain index,step,4.7,5.42,0.0
chr2,minigraph-cactus,new,Exporting polychain data,step,35.3,3.149,-1.004
chr2,minigraph-cactus,new,Building polychain index,section,109.7,5.42,3.542
chr2,minigraph-cactus,new,Computing subpath bp ranges,section,11.2,2.726,0.148
chr2,minigraph-cactus,new,Computing graph topology,step,49.3,3.877,1.273
chr2,minigraph-cactus,new,Building polylines,step,12.1,5.562,1.685
chr2,minigraph-cactus,new,Building reference spine,step,20.5,6.235,0.685
chr2,minigraph-cactus,new,Annotating chains,step,23.8,5.999,0.367
chr2,minigraph-cactus,new,Exporting skeleton,step,53.8,7.232,1.232
chr2,minigraph-cactus,new,Computing graph metadata,step,0.8,6.442,0.313
chr2,minigraph-cactus,new,Building skeleton,section,160.2,7.232,4.628
chr2,pggb,new,Parsing layout,section,6.4,0.277,0.198
chr2,pggb,new,Gathering paths from GFA,step,102.1,2.919,2.642
chr2,pggb,new,Gathering segments and links from GFA,step,74.4,6.287,3.538
chr2,pggb,new,Parsing GFA file: chr2.hprc-v1.0-pggb.sorted.gfa,section,183.5,6.287,6.012
chr2,pggb,new,Building graph,step,32.2,5.863,4.664
chr2,pggb,new,Compacting graph,step,35.4,6.412,4.637
chr2,pggb,new,Finding bubbles and chains,step,41.6,3.673,1.334
chr2,pggb,new,Indexing bubbles,step,49.8,3.462,1.535
chr2,pggb,new,Finding bubbles,section,159.4,6.412,4.822
chr2,pggb,new,Loading top-level bubbles,step,22.4,5.204,3.354
chr2,pggb,new,Assembling chains,step,2.3,5.191,-0.013
chr2,pggb,new,Decomposing chains,step,43.5,5.636,0.445
chr2,pggb,new,Saving polychain index,step,7.2,5.596,0.0
chr2,pggb,new,Exporting polychain data,step,47.7,3.237,-0.202
chr2,pggb,new,Building polychain index,section,123.5,5.636,3.786
chr2,pggb,new,Computing subpath bp ranges,section,13.2,3.435,0.409
chr2,pggb,new,Computing graph topology,step,52.6,3.971,0.961
chr2,pggb,new,Building polylines,step,11.9,5.743,1.969
chr2,pggb,new,Building reference spine,step,19.7,6.406,0.676
chr2,pggb,new,Annotating chains,step,24.2,6.269,0.442
chr2,pggb,new,Exporting skeleton,step,69.9,8.013,1.744
chr2,pggb,new,Computing graph metadata,step,0.9,6.852,0.329
chr2,pggb,new,Building skeleton,section,179.2,8.013,5.003
chr3,minigraph-cactus,new,Parsing layout,section,3.5,0.225,0.145
chr3,minigraph-cactus,new,Gathering paths from GFA,step,76.0,2.483,2.256
chr3,minigraph-cactus,new,Gathering segments and links from GFA,step,57.5,4.918,2.604
chr3,minigraph-cactus,new,Parsing GFA file: chr3.hprc-v1.1-mc-grch38.gfa,section,139.1,4.918,4.694
chr3,minigraph-cactus,new,Building graph,step,24.3,4.535,3.604
chr3,minigraph-cactus,new,Compacting graph,step,24.6,4.795,3.023
chr3,minigraph-cactus,new,Finding bubbles and chains,step,30.9,2.917,0.962
chr3,minigraph-cactus,new,Indexing bubbles,step,37.3,3.787,2.045
chr3,minigraph-cactus,new,Finding bubbles,section,117.2,4.795,3.864
chr3,minigraph-cactus,new,Loading top-level bubbles,step,17.0,4.302,2.496
chr3,minigraph-cactus,new,Assembling chains,step,1.7,4.499,0.198
chr3,minigraph-cactus,new,Decomposing chains,step,34.6,4.578,0.079
chr3,minigraph-cactus,new,Saving polychain index,step,3.1,4.578,0.0
chr3,minigraph-cactus,new,Exporting polychain data,step,22.7,2.636,-1.04
chr3,minigraph-cactus,new,Building polychain index,section,79.3,4.578,2.773
chr3,minigraph-cactus,new,Computing subpath bp ranges,section,9.0,2.477,0.076
chr3,minigraph-cactus,new,Computing graph topology,step,38.4,3.401,0.983
chr3,minigraph-cactus,new,Building polylines,step,8.5,4.645,1.244
chr3,minigraph-cactus,new,Building reference spine,step,16.7,5.161,0.516
chr3,minigraph-cactus,new,Annotating chains,step,18.2,4.916,0.254
chr3,minigraph-cactus,new,Exporting skeleton,step,41.8,5.987,1.071
chr3,minigraph-cactus,new,Computing graph metadata,step,0.5,5.34,0.321
chr3,minigraph-cactus,new,Building skeleton,section,124.1,5.987,3.569
chr3,pggb,new,Parsing layout,section,6.1,0.262,0.188
chr3,pggb,new,Gathering paths from GFA,step,108.6,2.786,2.524
chr3,pggb,new,Gathering segments and links from GFA,step,68.7,5.91,3.355
chr3,pggb,new,Parsing GFA file: chr3.hprc-v1.0-pggb.sorted.gfa,section,182.6,5.91,5.648
chr3,pggb,new,Building graph,step,30.0,5.71,4.364
chr3,pggb,new,Compacting graph,step,31.5,6.109,4.289
chr3,pggb,new,Finding bubbles and chains,step,41.7,3.548,1.182
chr3,pggb,new,Indexing bubbles,step,44.8,3.195,1.2
chr3,pggb,new,Finding bubbles,section,148.2,6.109,4.763
chr3,pggb,new,Loading top-level bubbles,step,19.9,4.888,2.435
chr3,pggb,new,Assembling chains,step,2.1,4.982,0.094
chr3,pggb,new,Decomposing chains,step,40.1,5.311,0.421
chr3,pggb,new,Saving polychain index,step,7.7,5.294,0.0
chr3,pggb,new,Exporting polychain data,step,49.4,3.188,-0.395
chr3,pggb,new,Building polychain index,section,119.6,5.311,3.294
chr3,pggb,new,Computing subpath bp ranges,section,15.1,3.338,0.263
chr3,pggb,new,Computing graph topology,step,49.2,3.909,0.819
chr3,pggb,new,Building polylines,step,11.4,5.545,1.635
chr3,pggb,new,Building reference spine,step,16.0,6.06,0.515
chr3,pggb,new,Annotating chains,step,22.6,5.97,0.373
chr3,pggb,new,Exporting skeleton,step,63.0,7.33,1.36
chr3,pggb,new,Computing graph metadata,step,0.8,6.46,0.323
chr3,pggb,new,Building skeleton,section,163.1,7.33,4.239
chr4,minigraph-cactus,new,Parsing layout,section,4.2,0.234,0.155
chr4,minigraph-cactus,new,Gathering paths from GFA,step,79.8,2.689,2.453
chr4,minigraph-cactus,new,Gathering segments and links from GFA,step,60.6,5.176,2.759
chr4,minigraph-cactus,new,Parsing GFA file: chr4.hprc-v1.1-mc-grch38.gfa,section,146.2,5.176,4.942
chr4,minigraph-cactus,new,Building graph,step,25.4,4.75,2.53
chr4,minigraph-cactus,new,Compacting graph,step,29.1,5.007,0.426
chr4,minigraph-cactus,new,Finding bubbles and chains,step,32.0,3.135,0.903
chr4,minigraph-cactus,new,Indexing bubbles,step,40.4,3.461,1.633
chr4,minigraph-cactus,new,Finding bubbles,section,127.1,5.007,1.387
chr4,minigraph-cactus,new,Loading top-level bubbles,step,17.3,4.329,1.731
chr4,minigraph-cactus,new,Assembling chains,step,1.7,4.533,0.203
chr4,minigraph-cactus,new,Decomposing chains,step,37.4,4.692,0.159
chr4,minigraph-cactus,new,Saving polychain index,step,3.6,4.643,0.0
chr4,minigraph-cactus,new,Exporting polychain data,step,27.1,2.526,0.284
chr4,minigraph-cactus,new,Building polychain index,section,87.4,4.692,2.919
chr4,minigraph-cactus,new,Computing subpath bp ranges,section,10.2,2.472,0.147
chr4,minigraph-cactus,new,Computing graph topology,step,42.1,3.464,1.165
chr4,minigraph-cactus,new,Building polylines,step,9.3,4.797,1.333
chr4,minigraph-cactus,new,Building reference spine,step,16.6,5.34,0.543
chr4,minigraph-cactus,new,Annotating chains,step,20.5,5.184,0.325
chr4,minigraph-cactus,new,Exporting skeleton,step,44.2,6.174,0.991
chr4,minigraph-cactus,new,Computing graph metadata,step,0.6,5.566,0.35
chr4,minigraph-cactus,new,Building skeleton,section,133.3,6.174,3.875
chr4,pggb,new,Parsing layout,section,5.7,0.254,0.18
chr4,pggb,new,Gathering paths from GFA,step,117.2,2.87,2.617
chr4,pggb,new,Gathering segments and links from GFA,step,65.7,5.746,3.202
chr4,pggb,new,Parsing GFA file: chr4.hprc-v1.0-pggb.sorted.gfa,section,188.6,5.746,5.492
chr4,pggb,new,Building graph,step,28.3,5.321,3.652
chr4,pggb,new,Compacting graph,step,29.2,5.81,3.78
chr4,pggb,new,Finding bubbles and chains,step,38.3,3.374,0.916
chr4,pggb,new,Indexing bubbles,step,42.4,3.151,1.154
chr4,pggb,new,Finding bubbles,section,138.4,5.81,4.653
chr4,pggb,new,Loading top-level bubbles,step,18.8,4.966,2.811
chr4,pggb,new,Assembling chains,step,2.1,5.024,0.058
chr4,pggb,new,Decomposing chains,step,37.0,5.348,0.377
chr4,pggb,new,Saving polychain index,step,7.1,5.348,0.0
chr4,pggb,new,Exporting polychain data,step,48.4,3.176,0.007
chr4,pggb,new,Building polychain index,section,113.8,5.348,3.193
chr4,pggb,new,Computing subpath bp ranges,section,13.8,3.253,0.16
chr4,pggb,new,Computing graph topology,step,46.9,3.946,0.897
chr4,pggb,new,Building polylines,step,11.0,5.492,1.774
chr4,pggb,new,Building reference spine,step,16.7,6.041,0.561
chr4,pggb,new,Annotating chains,step,21.4,5.825,0.275
chr4,pggb,new,Exporting skeleton,step,55.8,7.018,1.192
chr4,pggb,new,Computing graph metadata,step,0.6,6.242,0.291
chr4,pggb,new,Building skeleton,section,152.4,7.018,3.969
chr5,minigraph-cactus,new,Parsing layout,section,3.7,0.226,0.151
chr5,minigraph-cactus,new,Gathering paths from GFA,step,69.4,2.493,2.268
chr5,minigraph-cactus,new,Gathering segments and links from GFA,step,57.5,4.928,2.616
chr5,minigraph-cactus,new,Parsing GFA file: chr5.hprc-v1.1-mc-grch38.gfa,section,132.4,4.928,4.705
chr5,minigraph-cactus,new,Building graph,step,24.1,4.461,3.235
chr5,minigraph-cactus,new,Compacting graph,step,25.0,4.77,2.916
chr5,minigraph-cactus,new,Finding bubbles and chains,step,32.3,3.01,0.928
chr5,minigraph-cactus,new,Indexing bubbles,step,36.3,3.255,1.461
chr5,minigraph-cactus,new,Finding bubbles,section,117.8,4.77,3.543
chr5,minigraph-cactus,new,Loading top-level bubbles,step,15.5,4.181,2.352
chr5,minigraph-cactus,new,Assembling chains,step,1.6,4.375,0.194
chr5,minigraph-cactus,new,Decomposing chains,step,43.3,5.202,0.998
chr5,minigraph-cactus,new,Saving polychain index,step,4.2,4.501,0.0
chr5,minigraph-cactus,new,Exporting polychain data,step,39.3,2.907,-0.559
chr5,minigraph-cactus,new,Building polychain index,section,104.2,5.202,2.577
chr5,minigraph-cactus,new,Computing subpath bp ranges,section,8.1,2.42,-0.096
chr5,minigraph-cactus,new,Computing graph topology,step,39.2,3.457,1.1
chr5,minigraph-cactus,new,Building polylines,step,8.9,4.714,1.442
chr5,minigraph-cactus,new,Building reference spine,step,15.2,5.214,0.488
chr5,minigraph-cactus,new,Annotating chains,step,18.7,4.972,0.209
chr5,minigraph-cactus,new,Exporting skeleton,step,41.5,5.991,1.019
chr5,minigraph-cactus,new,Computing graph metadata,step,0.5,5.352,0.298
chr5,minigraph-cactus,new,Building skeleton,section,124.2,5.991,3.634
chr5,pggb,new,Parsing layout,section,5.3,0.238,0.164
chr5,pggb,new,Gathering paths from GFA,step,97.5,2.705,2.466
chr5,pggb,new,Gathering segments and links from GFA,step,60.3,5.202,2.816
chr5,pggb,new,Parsing GFA file: chr5.hprc-v1.0-pggb.sorted.gfa,section,163.1,5.202,4.964
chr5,pggb,new,Building graph,step,25.7,4.92,3.128
chr5,pggb,new,Compacting graph,step,28.8,5.133,3.197
chr5,pggb,new,Finding bubbles and chains,step,33.2,3.172,0.977
chr5,pggb,new,Indexing bubbles,step,39.0,2.956,1.101
chr5,pggb,new,Finding bubbles,section,126.8,5.133,3.341
chr5,pggb,new,Loading top-level bubbles,step,17.6,4.438,1.172
chr5,pggb,new,Assembling chains,step,1.8,4.524,0.086
chr5,pggb,new,Decomposing chains,step,34.5,4.786,0.345
chr5,pggb,new,Saving polychain index,step,6.5,4.786,0.0
chr5,pggb,new,Exporting polychain data,step,43.7,2.903,-0.334
chr5,pggb,new,Building polychain index,section,104.5,4.786,2.427
chr5,pggb,new,Computing subpath bp ranges,section,12.4,3.005,0.208
chr5,pggb,new,Computing graph topology,step,42.8,3.602,0.757
chr5,pggb,new,Building polylines,step,9.8,4.99,1.388
chr5,pggb,new,Building reference spine,step,15.2,5.489,0.499
chr5,pggb,new,Annotating chains,step,19.7,5.375,0.372
chr5,pggb,new,Exporting skeleton,step,56.2,6.693,1.318
chr5,pggb,new,Computing graph metadata,step,0.6,5.772,0.229
chr5,pggb,new,Building skeleton,section,144.3,6.693,3.848
chr6,minigraph-cactus,new,Parsing layout,section,4.3,0.212,0.134
chr6,minigraph-cactus,new,Gathering paths from GFA,step,70.0,2.084,1.87
chr6,minigraph-cactus,new,Gathering segments and links from GFA,step,54.3,4.335,2.458
chr6,minigraph-cactus,new,Parsing GFA file: chr6.hprc-v1.1-mc-grch38.gfa,section,129.5,4.335,4.124
chr6,minigraph-cactus,new,Building graph,step,22.1,4.154,2.268
chr6,minigraph-cactus,new,Compacting graph,step,22.2,4.454,2.722
chr6,minigraph-cactus,new,Finding bubbles and chains,step,24.6,2.807,1.041
chr6,minigraph-cactus,new,Indexing bubbles,step,34.1,2.88,1.264
chr6,minigraph-cactus,new,Finding bubbles,section,103.1,4.454,2.568
chr6,minigraph-cactus,new,Loading top-level bubbles,step,16.1,3.89,1.814
chr6,minigraph-cactus,new,Assembling chains,step,1.5,4.083,0.193
chr6,minigraph-cactus,new,Decomposing chains,step,31.3,4.148,0.065
chr6,minigraph-cactus,new,Saving polychain index,step,3.0,4.148,0.0
chr6,minigraph-cactus,new,Exporting polychain data,step,23.0,2.203,-0.133
chr6,minigraph-cactus,new,Building polychain index,section,75.2,4.148,2.499
chr6,minigraph-cactus,new,Computing subpath bp ranges,section,8.7,2.207,0.109
chr6,minigraph-cactus,new,Computing graph topology,step,37.7,3.13,1.037
chr6,minigraph-cactus,new,Building polylines,step,7.9,4.232,1.343
chr6,minigraph-cactus,new,Building reference spine,step,15.4,4.71,0.478
chr6,minigraph-cactus,new,Annotating chains,step,17.0,4.572,0.284
chr6,minigraph-cactus,new,Exporting skeleton,step,37.8,5.474,0.903
chr6,minigraph-cactus,new,Computing graph metadata,step,0.5,4.932,0.274
chr6,minigraph-cactus,new,Building skeleton,section,116.3,5.474,3.381
chr6,pggb,new,Parsing layout,section,4.5,0.218,0.139
chr6,pggb,new,Gathering paths from GFA,step,90.7,2.721,2.503
chr6,pggb,new,Gathering segments and links from GFA,step,52.1,4.759,2.489
chr6,pggb,new,Parsing GFA file: chr6.hprc-v1.0-pggb.sorted.gfa,section,147.7,4.759,4.543
chr6,pggb,new,Building graph,step,22.5,4.317,3.34
chr6,pggb,new,Compacting graph,step,23.3,4.592,2.956
chr6,pggb,new,Finding bubbles and chains,step,28.3,2.898,0.628
chr6,pggb,new,Indexing bubbles,step,34.3,2.726,0.807
chr6,pggb,new,Finding bubbles,section,108.7,4.592,2.176
chr6,pggb,new,Loading top-level bubbles,step,15.6,4.053,2.229
chr6,pggb,new,Assembling chains,step,1.6,4.151,0.098
chr6,pggb,new,Decomposing chains,step,28.1,4.35,0.198
chr6,pggb,new,Saving polychain index,step,4.7,4.35,0.0
chr6,pggb,new,Exporting polychain data,step,34.3,2.811,-0.783
chr6,pggb,new,Building polychain index,section,84.6,4.35,2.525
chr6,pggb,new,Computing subpath bp ranges,section,10.7,2.656,0.167
chr6,pggb,new,Computing graph topology,step,36.9,3.293,0.73
chr6,pggb,new,Building polylines,step,8.6,4.475,1.293
chr6,pggb,new,Building reference spine,step,14.3,4.949,0.475
chr6,pggb,new,Annotating chains,step,16.8,4.823,0.337
chr6,pggb,new,Exporting skeleton,step,41.6,5.848,1.026
chr6,pggb,new,Computing graph metadata,step,0.5,5.161,0.218
chr6,pggb,new,Building skeleton,section,118.7,5.848,3.285
chr7,minigraph-cactus,new,Parsing layout,section,3.4,0.215,0.14
chr7,minigraph-cactus,new,Gathering paths from GFA,step,68.7,2.496,2.28
chr7,minigraph-cactus,new,Gathering segments and links from GFA,step,51.2,4.716,2.522
chr7,minigraph-cactus,new,Parsing GFA file: chr7.hprc-v1.1-mc-grch38.gfa,section,125.0,4.716,4.501
chr7,minigraph-cactus,new,Building graph,step,22.2,4.22,2.734
chr7,minigraph-cactus,new,Compacting graph,step,22.5,4.495,2.844
chr7,minigraph-cactus,new,Finding bubbles and chains,step,28.1,2.746,0.999
chr7,minigraph-cactus,new,Indexing bubbles,step,35.2,2.736,1.229
chr7,minigraph-cactus,new,Finding bubbles,section,108.1,4.495,3.01
chr7,minigraph-cactus,new,Loading top-level bubbles,step,14.3,3.793,1.913
chr7,minigraph-cactus,new,Assembling chains,step,1.4,3.983,0.19
chr7,minigraph-cactus,new,Decomposing chains,step,32.0,4.076,0.093
chr7,minigraph-cactus,new,Saving polychain index,step,3.2,4.076,0.0
chr7,minigraph-cactus,new,Exporting polychain data,step,24.3,2.221,0.202
chr7,minigraph-cactus,new,Building polychain index,section,75.6,4.076,2.196
chr7,minigraph-cactus,new,Computing subpath bp ranges,section,8.4,2.178,0.062
chr7,minigraph-cactus,new,Computing graph topology,step,36.0,3.116,1.055
chr7,minigraph-cactus,new,Building polylines,step,7.9,4.259,1.356
chr7,minigraph-cactus,new,Building reference spine,step,14.0,4.716,0.458
chr7,minigraph-cactus,new,Annotating chains,step,18.3,4.596,0.321
chr7,minigraph-cactus,new,Exporting skeleton,step,38.4,5.526,0.93
chr7,minigraph-cactus,new,Computing graph metadata,step,0.5,4.989,0.293
chr7,minigraph-cactus,new,Building skeleton,section,115.2,5.526,3.465
chr7,pggb,new,Parsing layout,section,5.1,0.232,0.158
chr7,pggb,new,Gathering paths from GFA,step,97.7,2.658,2.425
chr7,pggb,new,Gathering segments and links from GFA,step,59.9,5.091,2.773
chr7,pggb,new,Parsing GFA file: chr7.hprc-v1.0-pggb.sorted.gfa,section,162.9,5.091,4.86
chr7,pggb,new,Building graph,step,25.2,4.742,3.498
chr7,pggb,new,Compacting graph,step,27.6,4.972,3.293
chr7,pggb,new,Finding bubbles and chains,step,38.8,3.024,0.82
chr7,pggb,new,Indexing bubbles,step,37.1,2.815,0.998
chr7,pggb,new,Finding bubbles,section,128.9,4.972,3.728
chr7,pggb,new,Loading top-level bubbles,step,16.0,4.375,2.244
chr7,pggb,new,Assembling chains,step,1.8,4.443,0.068
chr7,pggb,new,Decomposing chains,step,32.1,4.747,0.349
chr7,pggb,new,Saving polychain index,step,7.3,4.747,0.0
chr7,pggb,new,Exporting polychain data,step,52.4,3.044,-0.322
chr7,pggb,new,Building polychain index,section,110.0,4.747,1.783
chr7,pggb,new,Computing subpath bp ranges,section,11.9,3.13,0.128
chr7,pggb,new,Computing graph topology,step,40.9,3.587,0.585
chr7,pggb,new,Building polylines,step,9.5,4.937,1.351
chr7,pggb,new,Building reference spine,step,14.5,5.414,0.477
chr7,pggb,new,Annotating chains,step,18.7,5.222,0.235
chr7,pggb,new,Exporting skeleton,step,50.5,6.309,1.087
chr7,pggb,new,Computing graph metadata,step,0.6,5.639,0.272
chr7,pggb,new,Building skeleton,section,134.7,6.309,3.362
chr8,minigraph-cactus,new,Parsing layout,section,3.0,0.201,0.121
chr8,minigraph-cactus,new,Gathering paths from GFA,step,62.6,1.848,1.646
chr8,minigraph-cactus,new,Gathering segments and links from GFA,step,46.1,4.098,2.365
chr8,minigraph-cactus,new,Parsing GFA file: chr8.hprc-v1.1-mc-grch38.gfa,section,113.4,4.098,3.896
chr8,minigraph-cactus,new,Building graph,step,19.7,3.82,2.053
chr8,minigraph-cactus,new,Compacting graph,step,20.7,4.155,2.533
chr8,minigraph-cactus,new,Finding bubbles and chains,step,27.6,2.907,0.682
chr8,minigraph-cactus,new,Indexing bubbles,step,31.0,3.131,1.088
chr8,minigraph-cactus,new,Finding bubbles,section,99.2,4.155,2.388
chr8,minigraph-cactus,new,Loading top-level bubbles,step,13.9,4.364,1.31
chr8,minigraph-cactus,new,Assembling chains,step,1.4,4.548,0.183
chr8,minigraph-cactus,new,Decomposing chains,step,28.6,4.603,0.056
chr8,minigraph-cactus,new,Saving polychain index,step,2.7,4.603,0.0
chr8,minigraph-cactus,new,Exporting polychain data,step,19.6,2.872,-0.804
chr8,minigraph-cactus,new,Building polychain index,section,66.5,4.603,1.548
chr8,minigraph-cactus,new,Computing subpath bp ranges,section,7.3,2.86,0.008
chr8,minigraph-cactus,new,Computing graph topology,step,31.2,3.417,0.557
chr8,minigraph-cactus,new,Building polylines,step,7.0,4.647,1.203
chr8,minigraph-cactus,new,Building reference spine,step,12.9,5.076,0.429
chr8,minigraph-cactus,new,Annotating chains,step,15.1,4.889,0.193
chr8,minigraph-cactus,new,Exporting skeleton,step,34.9,5.5,0.611
chr8,minigraph-cactus,new,Computing graph metadata,step,0.4,5.036,0.053
chr8,minigraph-cactus,new,Building skeleton,section,101.5,5.5,2.64
chr8,pggb,new,Parsing layout,section,4.4,0.204,0.125
chr8,pggb,new,Gathering paths from GFA,step,101.4,2.284,2.08
chr8,pggb,new,Gathering segments and links from GFA,step,48.8,4.177,2.387
chr8,pggb,new,Parsing GFA file: chr8.hprc-v1.0-pggb.sorted.gfa,section,155.0,4.177,3.973
chr8,pggb,new,Building graph,step,20.3,3.995,1.635
chr8,pggb,new,Compacting graph,step,23.0,4.273,2.693
chr8,pggb,new,Finding bubbles and chains,step,26.2,2.747,0.564
chr8,pggb,new,Indexing bubbles,step,31.0,2.607,0.744
chr8,pggb,new,Finding bubbles,section,100.6,4.273,3.323
chr8,pggb,new,Loading top-level bubbles,step,13.9,3.865,2.093
chr8,pggb,new,Assembling chains,step,1.5,3.946,0.081
chr8,pggb,new,Decomposing chains,step,27.8,4.288,0.4
chr8,pggb,new,Saving polychain index,step,4.9,4.147,0.0
chr8,pggb,new,Exporting polychain data,step,34.1,2.524,0.093
chr8,pggb,new,Building polychain index,section,82.5,4.288,2.516
chr8,pggb,new,Computing subpath bp ranges,section,11.3,2.631,0.163
chr8,pggb,new,Computing graph topology,step,34.1,3.173,0.712
chr8,pggb,new,Building polylines,step,8.2,4.216,1.043
chr8,pggb,new,Building reference spine,step,14.2,4.682,0.465
chr8,pggb,new,Annotating chains,step,15.8,4.464,0.192
chr8,pggb,new,Exporting skeleton,step,38.2,5.371,0.907
chr8,pggb,new,Computing graph metadata,step,0.4,4.741,0.133
chr8,pggb,new,Building skeleton,section,111.0,5.371,2.91
chr9,minigraph-cactus,new,Parsing layout,section,3.4,0.183,0.107
chr9,minigraph-cactus,new,Gathering paths from GFA,step,64.4,1.614,1.431
chr9,minigraph-cactus,new,Gathering segments and links from GFA,step,54.1,3.626,2.096
chr9,minigraph-cactus,new,Parsing GFA file: chr9.hprc-v1.1-mc-grch38.gfa,section,124.6,3.626,3.443
chr9,minigraph-cactus,new,Building graph,step,23.6,3.426,2.31
chr9,minigraph-cactus,new,Compacting graph,step,22.4,3.716,2.283
chr9,minigraph-cactus,new,Finding bubbles and chains,step,27.6,2.566,0.556
chr9,minigraph-cactus,new,Indexing bubbles,step,36.3,2.694,0.853
chr9,minigraph-cactus,new,Finding bubbles,section,110.0,3.716,2.82
chr9,minigraph-cactus,new,Loading top-level bubbles,step,16.0,3.48,1.587
chr9,minigraph-cactus,new,Assembling chains,step,1.6,3.625,0.145
chr9,minigraph-cactus,new,Decomposing chains,step,33.0,3.682,0.057
chr9,minigraph-cactus,new,Saving polychain index,step,3.0,3.682,0.0
chr9,minigraph-cactus,new,Exporting polychain data,step,23.1,2.287,-0.725
chr9,minigraph-cactus,new,Building polychain index,section,76.9,3.682,1.789
chr9,minigraph-cactus,new,Computing subpath bp ranges,section,8.4,2.21,0.008
chr9,minigraph-cactus,new,Computing graph topology,step,36.2,2.705,0.494
chr9,minigraph-cactus,new,Building polylines,step,7.2,3.753,1.021
chr9,minigraph-cactus,new,Building reference spine,step,12.5,4.121,0.36
chr9,minigraph-cactus,new,Annotating chains,step,15.8,3.95,0.155
chr9,minigraph-cactus,new,Exporting skeleton,step,30.6,4.432,0.482
chr9,minigraph-cactus,new,Computing graph metadata,step,0.3,4.076,0.075
chr9,minigraph-cactus,new,Building skeleton,section,102.8,4.432,2.221
chr9,minigraph-cactus,old,Parsing layout,section,13.1,0.183,0.107
chr9,minigraph-cactus,old,Gathering paths from GFA,step,196.7,1.611,1.428
chr9,minigraph-cactus,old,Gathering segments and links from GFA,step,120.7,3.623,2.132
chr9,minigraph-cactus,old,Parsing GFA file: chr9.hprc-v1.1-mc-grch38.gfa,section,329.3,3.623,3.44
chr9,minigraph-cactus,old,Loading BubbleGun,step,72.5,5.517,4.537
chr9,minigraph-cactus,old,Compacting graph,step,8.0,5.543,0.026
chr9,minigraph-cactus,old,Finding bubbles and chains,step,130.7,7.102,1.563
chr9,minigraph-cactus,old,Indexing bubbles,step,105.8,9.252,2.3
chr9,minigraph-cactus,old,Finding bubbles,section,318.0,9.252,8.36
chr9,minigraph-cactus,old,Loading top-level bubbles,step,11.3,2.654,1.724
chr9,minigraph-cactus,old,Assembling chains,step,1.2,2.746,0.092
chr9,minigraph-cactus,old,Decomposing chains,step,27.9,2.939,0.322
chr9,minigraph-cactus,old,Saving polychain index,step,2.2,2.834,0.0
chr9,minigraph-cactus,old,Exporting polychain data,step,16.5,1.433,0.045
chr9,minigraph-cactus,old,Building polychain index,section,59.4,2.939,2.009
chr9,minigraph-cactus,old,Computing subpath bp ranges,section,6.4,1.557,0.18
chr9,minigraph-cactus,old,Computing graph topology,step,27.5,1.955,0.49
chr9,minigraph-cactus,old,Building polylines,step,6.1,2.898,1.051
chr9,minigraph-cactus,old,Building reference spine,step,11.2,3.282,0.375
chr9,minigraph-cactus,old,Annotating chains,step,13.5,3.164,0.207
chr9,minigraph-cactus,old,Exporting skeleton,step,28.4,3.801,0.637
chr9,minigraph-cactus,old,Computing graph metadata,step,0.4,3.5,0.226
chr9,minigraph-cactus,old,Building skeleton,section,87.0,3.801,2.415
chr9,pggb,new,Parsing layout,section,9.0,0.34,0.263
chr9,pggb,new,Gathering paths from GFA,step,93.1,3.075,2.737
chr9,pggb,new,Gathering segments and links from GFA,step,170.0,7.305,4.506
chr9,pggb,new,Parsing GFA file: chr9.hprc-v1.0-pggb.sorted.gfa,section,267.6,7.305,6.965
chr9,pggb,new,Building graph,step,46.7,8.055,6.924
chr9,pggb,new,Compacting graph,step,46.2,7.99,4.751
chr9,pggb,new,Finding bubbles and chains,step,78.3,4.709,1.61
chr9,pggb,new,Indexing bubbles,step,66.1,3.472,1.145
chr9,pggb,new,Finding bubbles,section,237.7,8.055,6.817
chr9,pggb,new,Loading top-level bubbles,step,24.0,5.827,3.312
chr9,pggb,new,Assembling chains,step,2.9,5.905,0.077
chr9,pggb,new,Decomposing chains,step,69.4,6.763,0.859
chr9,pggb,new,Saving polychain index,step,20.4,6.757,0.0
chr9,pggb,new,Exporting polychain data,step,117.2,5.191,-0.745
chr9,pggb,new,Building polychain index,section,234.5,6.764,4.249
chr9,pggb,new,Computing subpath bp ranges,section,10.6,5.138,0.009
chr9,pggb,new,Computing graph topology,step,71.6,6.141,1.003
chr9,pggb,new,Building polylines,step,16.0,7.605,1.712
chr9,pggb,new,Building reference spine,step,12.5,8.012,0.407
chr9,pggb,new,Annotating chains,step,35.3,8.111,0.491
chr9,pggb,new,Exporting skeleton,step,170.0,12.158,4.047
chr9,pggb,new,Computing graph metadata,step,1.5,8.625,0.639
chr9,pggb,new,Building skeleton,section,306.9,12.158,7.02
chr10,minigraph-cactus,new,Parsing layout,section,2.7,0.19,0.12
chr10,minigraph-cactus,new,Gathering paths from GFA,step,70.6,1.801,1.611
chr10,minigraph-cactus,new,Gathering segments and links from GFA,step,41.5,3.813,2.169
chr10,minigraph-cactus,new,Parsing GFA file: chr10.hprc-v1.1-mc-grch38.gfa,section,116.1,3.813,3.622
chr10,minigraph-cactus,new,Building graph,step,18.2,3.607,2.414
chr10,minigraph-cactus,new,Compacting graph,step,18.2,3.935,2.259
chr10,minigraph-cactus,new,Finding bubbles and chains,step,22.4,2.688,0.64
chr10,minigraph-cactus,new,Indexing bubbles,step,28.6,2.64,0.749
chr10,minigraph-cactus,new,Finding bubbles,section,87.5,3.935,1.77
chr10,minigraph-cactus,new,Loading top-level bubbles,step,12.3,4.015,1.778
chr10,minigraph-cactus,new,Assembling chains,step,1.2,4.173,0.158
chr10,minigraph-cactus,new,Decomposing chains,step,25.4,4.24,0.066
chr10,minigraph-cactus,new,Saving polychain index,step,2.6,4.24,0.0
chr10,minigraph-cactus,new,Exporting polychain data,step,19.8,2.668,-0.41
chr10,minigraph-cactus,new,Building polychain index,section,61.5,4.24,2.002
chr10,minigraph-cactus,new,Computing subpath bp ranges,section,6.6,2.65,0.008
chr10,minigraph-cactus,new,Computing graph topology,step,29.5,3.216,0.567
chr10,minigraph-cactus,new,Building polylines,step,6.7,4.35,1.098
chr10,minigraph-cactus,new,Building reference spine,step,11.7,4.742,0.381
chr10,minigraph-cactus,new,Annotating chains,step,14.1,4.57,0.172
chr10,minigraph-cactus,new,Exporting skeleton,step,31.9,5.158,0.588
chr10,minigraph-cactus,new,Computing graph metadata,step,0.3,4.727,0.082
chr10,minigraph-cactus,new,Building skeleton,section,94.3,5.158,2.508
chr10,pggb,new,Parsing layout,section,4.6,0.212,0.137
chr10,pggb,new,Gathering paths from GFA,step,70.4,2.181,1.97
chr10,pggb,new,Gathering segments and links from GFA,step,50.1,4.273,2.489
chr10,pggb,new,Parsing GFA file: chr10.hprc-v1.0-pggb.sorted.gfa,section,124.6,4.273,4.063
chr10,pggb,new,Building graph,step,21.8,4.25,1.899
chr10,pggb,new,Compacting graph,step,21.9,4.493,2.706
chr10,pggb,new,Finding bubbles and chains,step,29.2,2.764,0.722
chr10,pggb,new,Indexing bubbles,step,32.3,2.496,0.744
chr10,pggb,new,Finding bubbles,section,105.3,4.493,3.215
chr10,pggb,new,Loading top-level bubbles,step,14.0,3.953,1.158
chr10,pggb,new,Assembling chains,step,1.5,4.025,0.072
chr10,pggb,new,Decomposing chains,step,28.7,4.287,0.262
chr10,pggb,new,Saving polychain index,step,6.1,4.287,0.0
chr10,pggb,new,Exporting polychain data,step,38.5,2.861,-0.313
chr10,pggb,new,Building polychain index,section,89.0,4.287,2.327
chr10,pggb,new,Computing subpath bp ranges,section,7.4,2.845,0.009
chr10,pggb,new,Computing graph topology,step,35.2,3.358,0.512
chr10,pggb,new,Building polylines,step,8.2,4.48,1.122
chr10,pggb,new,Building reference spine,step,11.8,4.861,0.381
chr10,pggb,new,Annotating chains,step,16.5,4.731,0.212
chr10,pggb,new,Exporting skeleton,step,47.5,5.792,1.061
chr10,pggb,new,Computing graph metadata,step,0.5,4.985,0.118
chr10,pggb,new,Building skeleton,section,119.6,5.792,2.9
chr11,minigraph-cactus,new,Parsing layout,section,2.7,0.182,0.106
chr11,minigraph-cactus,new,Gathering paths from GFA,step,52.8,1.612,1.429
chr11,minigraph-cactus,new,Gathering segments and links from GFA,step,38.2,3.678,2.088
chr11,minigraph-cactus,new,Parsing GFA file: chr11.hprc-v1.1-mc-grch38.gfa,section,94.8,3.678,3.494
chr11,minigraph-cactus,new,Building graph,step,17.0,3.457,2.488
chr11,minigraph-cactus,new,Compacting graph,step,17.1,3.683,2.255
chr11,minigraph-cactus,new,Finding bubbles and chains,step,19.1,2.537,0.55
chr11,minigraph-cactus,new,Indexing bubbles,step,26.5,2.725,0.923
chr11,minigraph-cactus,new,Finding bubbles,section,79.9,3.683,2.07
chr11,minigraph-cactus,new,Loading top-level bubbles,step,11.9,3.602,1.742
chr11,minigraph-cactus,new,Assembling chains,step,1.2,3.757,0.155
chr11,minigraph-cactus,new,Decomposing chains,step,23.5,3.806,0.049
chr11,minigraph-cactus,new,Saving polychain index,step,2.3,3.806,0.0
chr11,minigraph-cactus,new,Exporting polychain data,step,17.4,2.286,-0.438
chr11,minigraph-cactus,new,Building polychain index,section,56.5,3.806,1.502
chr11,minigraph-cactus,new,Computing subpath bp ranges,section,5.4,2.275,0.007
chr11,minigraph-cactus,new,Computing graph topology,step,28.0,2.799,0.49
chr11,minigraph-cactus,new,Building polylines,step,6.1,3.86,1.061
chr11,minigraph-cactus,new,Building reference spine,step,11.3,4.226,0.366
chr11,minigraph-cactus,new,Annotating chains,step,13.5,4.063,0.164
chr11,minigraph-cactus,new,Exporting skeleton,step,29.4,4.59,0.528
chr11,minigraph-cactus,new,Computing graph metadata,step,0.3,4.196,0.071
chr11,minigraph-cactus,new,Building skeleton,section,88.6,4.59,2.317
chr11,pggb,new,Parsing layout,section,4.7,0.218,0.144
chr11,pggb,new,Gathering paths from GFA,step,61.8,1.979,1.761
chr11,pggb,new,Gathering segments and links from GFA,step,52.0,4.366,2.586
chr11,pggb,new,Parsing GFA file: chr11.hprc-v1.0-pggb.sorted.gfa,section,117.5,4.366,4.148
chr11,pggb,new,Building graph,step,22.8,4.393,3.306
chr11,pggb,new,Compacting graph,step,23.6,4.632,2.77
chr11,pggb,new,Finding bubbles and chains,step,33.1,2.84,0.912
chr11,pggb,new,Indexing bubbles,step,33.9,2.521,0.833
chr11,pggb,new,Finding bubbles,section,113.6,4.632,2.758
chr11,pggb,new,Loading top-level bubbles,step,14.8,4.002,2.185
chr11,pggb,new,Assembling chains,step,1.6,4.079,0.077
chr11,pggb,new,Decomposing chains,step,29.5,4.346,0.268
chr11,pggb,new,Saving polychain index,step,6.4,4.346,0.0
chr11,pggb,new,Exporting polychain data,step,39.2,4.346,0.0
chr11,pggb,new,Building polychain index,section,91.9,4.906,0.0
chr11,pggb,new,Computing subpath bp ranges,section,6.6,2.86,0.008
chr11,pggb,new,Computing graph topology,step,37.0,3.34,0.48
chr11,pggb,new,Building polylines,step,8.4,4.506,1.167
chr11,pggb,new,Building reference spine,step,11.0,4.87,0.377
chr11,pggb,new,Annotating chains,step,16.8,4.777,0.256
chr11,pggb,new,Exporting skeleton,step,54.8,6.065,1.288
chr11,pggb,new,Computing graph metadata,step,0.5,5.12,0.203
chr11,pggb,new,Building skeleton,section,128.6,6.065,3.205
chr12,minigraph-cactus,new,Parsing layout,section,2.6,0.178,0.101
chr12,minigraph-cactus,new,Gathering paths from GFA,step,51.6,1.68,1.502
chr12,minigraph-cactus,new,Gathering segments and links from GFA,step,37.5,3.573,2.027
chr12,minigraph-cactus,new,Parsing GFA file: chr12.hprc-v1.1-mc-grch38.gfa,section,93.0,3.573,3.395
chr12,minigraph-cactus,new,Building graph,step,16.4,3.321,2.222
chr12,minigraph-cactus,new,Compacting graph,step,17.5,3.628,2.311
chr12,minigraph-cactus,new,Finding bubbles and chains,step,18.5,2.524,0.496
chr12,minigraph-cactus,new,Indexing bubbles,step,25.6,3.392,1.586
chr12,minigraph-cactus,new,Finding bubbles,section,78.1,3.628,2.769
chr12,minigraph-cactus,new,Loading top-level bubbles,step,11.2,3.474,1.699
chr12,minigraph-cactus,new,Assembling chains,step,1.1,3.625,0.151
chr12,minigraph-cactus,new,Decomposing chains,step,22.3,3.673,0.048
chr12,minigraph-cactus,new,Saving polychain index,step,2.3,3.673,0.0
chr12,minigraph-cactus,new,Exporting polychain data,step,16.5,2.24,-1.105
chr12,minigraph-cactus,new,Building polychain index,section,53.6,3.673,1.056
chr12,minigraph-cactus,new,Computing subpath bp ranges,section,5.2,2.198,0.029
chr12,minigraph-cactus,new,Computing graph topology,step,26.3,2.721,0.523
chr12,minigraph-cactus,new,Building polylines,step,5.9,3.746,1.026
chr12,minigraph-cactus,new,Building reference spine,step,10.8,4.106,0.36
chr12,minigraph-cactus,new,Annotating chains,step,12.5,3.948,0.158
chr12,minigraph-cactus,new,Exporting skeleton,step,28.3,4.464,0.517
chr12,minigraph-cactus,new,Computing graph metadata,step,0.3,4.077,0.049
chr12,minigraph-cactus,new,Building skeleton,section,84.1,4.464,2.267
chr12,pggb,new,Parsing layout,section,4.1,0.2,0.126
chr12,pggb,new,Gathering paths from GFA,step,64.6,1.847,1.649
chr12,pggb,new,Gathering segments and links from GFA,step,46.0,4.019,2.339
chr12,pggb,new,Parsing GFA file: chr12.hprc-v1.0-pggb.sorted.gfa,section,116.1,4.019,3.821
chr12,pggb,new,Building graph,step,19.5,3.921,1.873
chr12,pggb,new,Compacting graph,step,20.8,4.167,2.342
chr12,pggb,new,Finding bubbles and chains,step,25.7,2.903,0.659
chr12,pggb,new,Indexing bubbles,step,29.4,2.616,0.571
chr12,pggb,new,Finding bubbles,section,95.5,4.167,3.156
chr12,pggb,new,Loading top-level bubbles,step,13.0,4.262,1.909
chr12,pggb,new,Assembling chains,step,1.4,4.365,0.103
chr12,pggb,new,Decomposing chains,step,25.0,4.549,0.253
chr12,pggb,new,Saving polychain index,step,5.0,4.549,0.0
chr12,pggb,new,Exporting polychain data,step,34.1,3.098,-0.586
chr12,pggb,new,Building polychain index,section,78.8,4.549,1.539
chr12,pggb,new,Computing subpath bp ranges,section,6.6,3.085,0.0
chr12,pggb,new,Computing graph topology,step,32.6,3.464,0.337
chr12,pggb,new,Building polylines,step,7.6,4.718,1.254
chr12,pggb,new,Building reference spine,step,10.6,5.065,0.347
chr12,pggb,new,Annotating chains,step,15.0,4.946,0.192
chr12,pggb,new,Exporting skeleton,step,40.3,5.692,0.746
chr12,pggb,new,Computing graph metadata,step,0.4,5.097,0.037
chr12,pggb,new,Building skeleton,section,106.6,5.692,2.607
chr13,minigraph-cactus,new,Parsing layout,section,1.8,0.156,0.08
chr13,minigraph-cactus,new,Gathering paths from GFA,step,39.4,1.421,1.265
chr13,minigraph-cactus,new,Gathering segments and links from GFA,step,27.9,2.864,1.633
chr13,minigraph-cactus,new,Parsing GFA file: chr13.hprc-v1.1-mc-grch38.gfa,section,70.1,2.864,2.707
chr13,minigraph-cactus,new,Building graph,step,12.4,2.765,1.973
chr13,minigraph-cactus,new,Compacting graph,step,12.7,2.896,1.417
chr13,minigraph-cactus,new,Finding bubbles and chains,step,14.8,2.177,0.418
chr13,minigraph-cactus,new,Indexing bubbles,step,19.5,2.345,0.701
chr13,minigraph-cactus,new,Finding bubbles,section,59.6,2.896,2.04
chr13,minigraph-cactus,new,Loading top-level bubbles,step,8.9,2.571,1.168
chr13,minigraph-cactus,new,Assembling chains,step,0.9,2.681,0.11
chr13,minigraph-cactus,new,Decomposing chains,step,18.3,2.904,0.223
chr13,minigraph-cactus,new,Saving polychain index,step,1.7,2.722,0.0
chr13,minigraph-cactus,new,Exporting polychain data,step,12.6,1.634,-0.667
chr13,minigraph-cactus,new,Building polychain index,section,42.6,2.904,1.501
chr13,minigraph-cactus,new,Computing subpath bp ranges,section,4.4,1.628,-0.006
chr13,minigraph-cactus,new,Computing graph topology,step,20.2,2.105,0.478
chr13,minigraph-cactus,new,Building polylines,step,4.6,2.761,0.656
chr13,minigraph-cactus,new,Building reference spine,step,8.3,3.03,0.282
chr13,minigraph-cactus,new,Annotating chains,step,9.5,2.907,0.133
chr13,minigraph-cactus,new,Exporting skeleton,step,21.0,3.365,0.457
chr13,minigraph-cactus,new,Computing graph metadata,step,0.3,3.051,0.08
chr13,minigraph-cactus,new,Building skeleton,section,63.9,3.365,1.737
chr13,minigraph-cactus,old,Parsing layout,section,1.9,0.156,0.085
chr13,minigraph-cactus,old,Gathering paths from GFA,step,39.1,1.425,1.254
chr13,minigraph-cactus,old,Gathering segments and links from GFA,step,28.2,2.854,1.591
chr13,minigraph-cactus,old,Parsing GFA file: chr13.hprc-v1.1-mc-grch38.gfa,section,70.0,2.854,2.683
chr13,minigraph-cactus,old,Loading BubbleGun,step,17.3,4.381,3.544
chr13,minigraph-cactus,old,Compacting graph,step,1.7,4.387,0.001
chr13,minigraph-cactus,old,Finding bubbles and chains,step,20.6,5.973,1.629
chr13,minigraph-cactus,old,Indexing bubbles,step,20.0,7.43,1.655
chr13,minigraph-cactus,old,Finding bubbles,section,59.8,7.43,6.678
chr13,minigraph-cactus,old,Loading top-level bubbles,step,9.2,2.505,1.279
chr13,minigraph-cactus,old,Assembling chains,step,0.9,2.566,0.1
chr13,minigraph-cactus,old,Decomposing chains,step,19.3,2.915,0.35
chr13,minigraph-cactus,old,Saving polychain index,step,1.7,2.626,0.0
chr13,minigraph-cactus,old,Exporting polychain data,step,13.2,1.592,-0.612
chr13,minigraph-cactus,old,Building polychain index,section,44.5,2.915,0.981
chr13,minigraph-cactus,old,Computing subpath bp ranges,section,4.7,1.673,0.135
chr13,minigraph-cactus,old,Computing graph topology,step,20.3,2.001,0.45
chr13,minigraph-cactus,old,Building polylines,step,4.6,2.655,0.653
chr13,minigraph-cactus,old,Building reference spine,step,8.2,2.934,0.28
chr13,minigraph-cactus,old,Annotating chains,step,9.5,2.87,0.192
chr13,minigraph-cactus,old,Exporting skeleton,step,21.2,3.424,0.555
chr13,minigraph-cactus,old,Computing graph metadata,step,0.3,3.117,0.16
chr13,minigraph-cactus,old,Building skeleton,section,64.1,3.424,1.828
chr13,pggb,new,Parsing layout,section,4.3,0.207,0.135
chr13,pggb,new,Gathering paths from GFA,step,71.7,1.89,1.685
chr13,pggb,new,Gathering segments and links from GFA,step,49.3,4.056,2.46
chr13,pggb,new,Parsing GFA file: chr13.hprc-v1.0-pggb.sorted.gfa,section,123.8,4.056,3.849
chr13,pggb,new,Building graph,step,21.4,4.194,3.076
chr13,pggb,new,Compacting graph,step,21.7,4.358,2.378
chr13,pggb,new,Finding bubbles and chains,step,32.4,2.754,0.566
chr13,pggb,new,Indexing bubbles,step,30.0,2.385,0.487
chr13,pggb,new,Finding bubbles,section,105.7,4.358,3.24
chr13,pggb,new,Loading top-level bubbles,step,12.8,3.476,0.147
chr13,pggb,new,Assembling chains,step,1.5,3.537,0.061
chr13,pggb,new,Decomposing chains,step,26.7,3.837,0.327
chr13,pggb,new,Saving polychain index,step,7.5,3.838,0.0
chr13,pggb,new,Exporting polychain data,step,49.6,2.737,0.049
chr13,pggb,new,Building polychain index,section,98.3,3.838,2.135
chr13,pggb,new,Computing subpath bp ranges,section,7.6,2.769,0.057
chr13,pggb,new,Computing graph topology,step,35.2,3.269,0.501
chr13,pggb,new,Building polylines,step,8.2,4.223,1.079
chr13,pggb,new,Building reference spine,step,8.4,4.496,0.272
chr13,pggb,new,Annotating chains,step,16.1,4.466,0.208
chr13,pggb,new,Exporting skeleton,step,46.2,5.43,0.969
chr13,pggb,new,Computing graph metadata,step,0.5,4.748,0.149
chr13,pggb,new,Building skeleton,section,114.6,5.43,2.662
chr14,minigraph-cactus,new,Parsing layout,section,1.9,0.148,0.071
chr14,minigraph-cactus,new,Gathering paths from GFA,step,39.0,1.38,1.231
chr14,minigraph-cactus,new,Gathering segments and links from GFA,step,26.2,2.697,1.509
chr14,minigraph-cactus,new,Parsing GFA file: chr14.hprc-v1.1-mc-grch38.gfa,section,67.7,2.697,2.547
chr14,minigraph-cactus,new,Building graph,step,11.6,2.552,1.582
chr14,minigraph-cactus,new,Compacting graph,step,12.0,2.797,1.458
chr14,minigraph-cactus,new,Finding bubbles and chains,step,13.3,2.11,0.504
chr14,minigraph-cactus,new,Indexing bubbles,step,17.8,2.387,0.773
chr14,minigraph-cactus,new,Finding bubbles,section,54.7,2.797,1.828
chr14,minigraph-cactus,new,Loading top-level bubbles,step,7.8,2.832,1.106
chr14,minigraph-cactus,new,Assembling chains,step,0.8,2.935,0.104
chr14,minigraph-cactus,new,Decomposing chains,step,16.3,2.974,0.128
chr14,minigraph-cactus,new,Saving polychain index,step,1.7,2.974,0.0
chr14,minigraph-cactus,new,Exporting polychain data,step,12.8,2.028,-0.399
chr14,minigraph-cactus,new,Building polychain index,section,39.6,2.974,1.249
chr14,minigraph-cactus,new,Computing subpath bp ranges,section,3.8,2.022,0.006
chr14,minigraph-cactus,new,Computing graph topology,step,19.0,2.294,0.272
chr14,minigraph-cactus,new,Building polylines,step,4.3,3.02,0.727
chr14,minigraph-cactus,new,Building reference spine,step,7.7,3.273,0.253
chr14,minigraph-cactus,new,Annotating chains,step,9.1,3.163,0.11
chr14,minigraph-cactus,new,Exporting skeleton,step,20.6,3.539,0.376
chr14,minigraph-cactus,new,Computing graph metadata,step,0.2,3.268,0.034
chr14,minigraph-cactus,new,Building skeleton,section,60.9,3.539,1.517
chr14,pggb,new,Parsing layout,section,3.8,0.203,0.123
chr14,pggb,new,Gathering paths from GFA,step,69.4,1.97,1.767
chr14,pggb,new,Gathering segments and links from GFA,step,46.2,3.953,2.317
chr14,pggb,new,Parsing GFA file: chr14.hprc-v1.0-pggb.sorted.gfa,section,118.2,3.953,3.752
chr14,pggb,new,Building graph,step,20.1,3.991,2.982
chr14,pggb,new,Compacting graph,step,21.2,4.253,2.366
chr14,pggb,new,Finding bubbles and chains,step,27.9,2.873,0.487
chr14,pggb,new,Indexing bubbles,step,28.7,2.459,0.415
chr14,pggb,new,Finding bubbles,section,98.1,4.253,3.245
chr14,pggb,new,Loading top-level bubbles,step,13.0,3.693,1.499
chr14,pggb,new,Assembling chains,step,1.4,3.789,0.096
chr14,pggb,new,Decomposing chains,step,25.9,4.023,0.311
chr14,pggb,new,Saving polychain index,step,6.5,4.023,0.0
chr14,pggb,new,Exporting polychain data,step,40.6,2.924,-0.158
chr14,pggb,new,Building polychain index,section,87.6,4.023,1.829
chr14,pggb,new,Computing subpath bp ranges,section,6.3,2.909,0.006
chr14,pggb,new,Computing graph topology,step,32.1,3.053,0.143
chr14,pggb,new,Building polylines,step,7.7,4.325,1.272
chr14,pggb,new,Building reference spine,step,7.9,4.577,0.264
chr14,pggb,new,Annotating chains,step,15.8,4.555,0.203
chr14,pggb,new,Exporting skeleton,step,43.1,5.33,0.776
chr14,pggb,new,Computing graph metadata,step,0.4,4.695,0.074
chr14,pggb,new,Building skeleton,section,106.9,5.33,2.421
chr15,minigraph-cactus,new,Parsing layout,section,1.7,0.147,0.073
chr15,minigraph-cactus,new,Gathering paths from GFA,step,33.6,1.36,1.215
chr15,minigraph-cactus,new,Gathering segments and links from GFA,step,25.4,2.66,1.398
chr15,minigraph-cactus,new,Parsing GFA file: chr15.hprc-v1.1-mc-grch38.gfa,section,61.5,2.66,2.515
chr15,minigraph-cactus,new,Building graph,step,11.3,2.482,1.267
chr15,minigraph-cactus,new,Compacting graph,step,11.1,2.632,1.392
chr15,minigraph-cactus,new,Finding bubbles and chains,step,15.2,1.993,0.412
chr15,minigraph-cactus,new,Indexing bubbles,step,17.5,2.193,0.648
chr15,minigraph-cactus,new,Finding bubbles,section,55.2,2.632,1.417
chr15,minigraph-cactus,new,Loading top-level bubbles,step,7.4,2.428,1.078
chr15,minigraph-cactus,new,Assembling chains,step,0.8,2.529,0.101
chr15,minigraph-cactus,new,Decomposing chains,step,16.1,2.565,0.115
chr15,minigraph-cactus,new,Saving polychain index,step,1.5,2.565,0.0
chr15,minigraph-cactus,new,Exporting polychain data,step,11.4,2.118,-0.446
chr15,minigraph-cactus,new,Building polychain index,section,37.4,2.565,1.215
chr15,minigraph-cactus,new,Computing subpath bp ranges,section,3.4,1.739,-0.014
chr15,minigraph-cactus,new,Computing graph topology,step,18.0,1.933,0.194
chr15,minigraph-cactus,new,Building polylines,step,4.1,2.639,0.705
chr15,minigraph-cactus,new,Building reference spine,step,7.2,2.877,0.238
chr15,minigraph-cactus,new,Annotating chains,step,8.7,2.772,0.108
chr15,minigraph-cactus,new,Exporting skeleton,step,19.3,3.121,0.349
chr15,minigraph-cactus,new,Computing graph metadata,step,0.2,2.869,0.037
chr15,minigraph-cactus,new,Building skeleton,section,57.6,3.121,1.381
chr15,pggb,new,Parsing layout,section,5.1,0.234,0.167
chr15,pggb,new,Gathering paths from GFA,step,85.9,2.381,2.149
chr15,pggb,new,Gathering segments and links from GFA,step,59.0,4.831,2.752
chr15,pggb,new,Parsing GFA file: chr15.hprc-v1.0-pggb.sorted.gfa,section,147.8,4.831,4.597
chr15,pggb,new,Building graph,step,25.2,4.951,2.801
chr15,pggb,new,Compacting graph,step,27.3,4.953,2.762
chr15,pggb,new,Finding bubbles and chains,step,41.1,3.029,0.947
chr15,pggb,new,Indexing bubbles,step,35.9,2.476,0.647
chr15,pggb,new,Finding bubbles,section,129.6,4.953,2.803
chr15,pggb,new,Loading top-level bubbles,step,14.9,4.091,1.759
chr15,pggb,new,Assembling chains,step,1.7,4.153,0.062
chr15,pggb,new,Decomposing chains,step,32.2,4.561,0.408
chr15,pggb,new,Saving polychain index,step,10.0,4.557,0.0
chr15,pggb,new,Exporting polychain data,step,63.7,3.679,-0.027
chr15,pggb,new,Building polychain index,section,122.9,4.561,2.228
chr15,pggb,new,Computing subpath bp ranges,section,11.5,3.653,0.0
chr15,pggb,new,Computing graph topology,step,42.2,4.049,0.401
chr15,pggb,new,Building polylines,step,9.6,5.038,1.225
chr15,pggb,new,Building reference spine,step,8.6,5.323,0.286
chr15,pggb,new,Annotating chains,step,19.0,5.324,0.253
chr15,pggb,new,Exporting skeleton,step,67.9,6.767,1.443
chr15,pggb,new,Computing graph metadata,step,0.6,5.566,0.054
chr15,pggb,new,Building skeleton,section,147.9,6.767,3.119
chr16,minigraph-cactus,new,Parsing layout,section,2.0,0.16,0.099
chr16,minigraph-cactus,new,Gathering paths from GFA,step,39.9,1.358,1.196
chr16,minigraph-cactus,new,Gathering segments and links from GFA,step,29.7,2.945,1.659
chr16,minigraph-cactus,new,Parsing GFA file: chr16.hprc-v1.1-mc-grch38.gfa,section,72.5,2.945,2.783
chr16,minigraph-cactus,new,Building graph,step,13.4,2.779,1.902
chr16,minigraph-cactus,new,Compacting graph,step,13.2,3.064,1.62
chr16,minigraph-cactus,new,Finding bubbles and chains,step,15.9,2.298,0.488
chr16,minigraph-cactus,new,Indexing bubbles,step,20.8,2.356,0.615
chr16,minigraph-cactus,new,Finding bubbles,section,63.4,3.064,1.295
chr16,minigraph-cactus,new,Loading top-level bubbles,step,8.9,3.204,1.31
chr16,minigraph-cactus,new,Assembling chains,step,0.9,3.324,0.119
chr16,minigraph-cactus,new,Decomposing chains,step,17.5,3.381,0.058
chr16,minigraph-cactus,new,Saving polychain index,step,2.1,3.381,0.0
chr16,minigraph-cactus,new,Exporting polychain data,step,15.4,2.222,-0.212
chr16,minigraph-cactus,new,Building polychain index,section,45.1,3.381,1.017
chr16,minigraph-cactus,new,Computing subpath bp ranges,section,4.0,2.206,0.005
chr16,minigraph-cactus,new,Computing graph topology,step,21.6,2.614,0.38
chr16,minigraph-cactus,new,Building polylines,step,4.8,3.439,0.794
chr16,minigraph-cactus,new,Building reference spine,step,8.6,3.731,0.292
chr16,minigraph-cactus,new,Annotating chains,step,10.3,3.608,0.152
chr16,minigraph-cactus,new,Exporting skeleton,step,21.6,3.946,0.338
chr16,minigraph-cactus,new,Computing graph metadata,step,0.3,3.714,0.046
chr16,minigraph-cactus,new,Building skeleton,section,67.2,3.946,1.712
chr16,pggb,new,Parsing layout,section,3.9,0.194,0.118
chr16,pggb,new,Gathering paths from GFA,step,162.9,2.665,2.471
chr16,pggb,new,Gathering segments and links from GFA,step,47.7,3.808,2.272
chr16,pggb,new,Parsing GFA file: chr16.hprc-v1.0-pggb.sorted.gfa,section,213.5,3.808,3.616
chr16,pggb,new,Building graph,step,19.6,3.903,2.71
chr16,pggb,new,Compacting graph,step,20.6,4.101,2.154
chr16,pggb,new,Finding bubbles and chains,step,34.4,2.773,0.528
chr16,pggb,new,Indexing bubbles,step,26.4,2.491,0.493
chr16,pggb,new,Finding bubbles,section,101.1,4.101,2.909
chr16,pggb,new,Loading top-level bubbles,step,11.4,3.389,0.347
chr16,pggb,new,Assembling chains,step,1.4,3.463,0.075
chr16,pggb,new,Decomposing chains,step,23.0,3.747,0.284
chr16,pggb,new,Saving polychain index,step,8.0,3.747,0.0
chr16,pggb,new,Exporting polychain data,step,58.8,3.211,-0.426
chr16,pggb,new,Building polychain index,section,102.8,3.747,0.706
chr16,pggb,new,Computing subpath bp ranges,section,19.5,3.337,0.485
chr16,pggb,new,Computing graph topology,step,31.8,3.216,0.36
chr16,pggb,new,Building polylines,step,7.5,4.108,1.005
chr16,pggb,new,Building reference spine,step,8.3,4.383,0.275
chr16,pggb,new,Annotating chains,step,14.5,4.314,0.174
chr16,pggb,new,Exporting skeleton,step,43.8,5.103,0.789
chr16,pggb,new,Computing graph metadata,step,0.4,4.456,0.067
chr16,pggb,new,Building skeleton,section,106.3,5.103,2.207
chr17,minigraph-cactus,new,Parsing layout,section,1.7,0.148,0.077
chr17,minigraph-cactus,new,Gathering paths from GFA,step,31.8,1.33,1.185
chr17,minigraph-cactus,new,Gathering segments and links from GFA,step,25.2,2.663,1.469
chr17,minigraph-cactus,new,Parsing GFA file: chr17.hprc-v1.1-mc-grch38.gfa,section,59.3,2.663,2.517
chr17,minigraph-cactus,new,Building graph,step,11.3,2.424,1.527
chr17,minigraph-cactus,new,Compacting graph,step,11.1,2.571,1.184
chr17,minigraph-cactus,new,Finding bubbles and chains,step,14.0,1.814,0.377
chr17,minigraph-cactus,new,Indexing bubbles,step,17.5,1.993,0.641
chr17,minigraph-cactus,new,Finding bubbles,section,54.0,2.571,1.674
chr17,minigraph-cactus,new,Loading top-level bubbles,step,7.3,2.229,0.941
chr17,minigraph-cactus,new,Assembling chains,step,0.8,2.326,0.097
chr17,minigraph-cactus,new,Decomposing chains,step,14.7,2.376,0.05
chr17,minigraph-cactus,new,Saving polychain index,step,1.7,2.376,0.0
chr17,minigraph-cactus,new,Exporting polychain data,step,12.6,1.476,-0.464
chr17,minigraph-cactus,new,Building polychain index,section,37.3,2.376,1.088
chr17,minigraph-cactus,new,Computing subpath bp ranges,section,3.2,1.468,0.004
chr17,minigraph-cactus,new,Computing graph topology,step,18.3,1.897,0.429
chr17,minigraph-cactus,new,Building polylines,step,4.3,2.48,0.686
chr17,minigraph-cactus,new,Building reference spine,step,7.0,2.713,0.232
chr17,minigraph-cactus,new,Annotating chains,step,8.9,2.617,0.107
chr17,minigraph-cactus,new,Exporting skeleton,step,19.2,3.058,0.441
chr17,minigraph-cactus,new,Computing graph metadata,step,0.2,2.784,0.057
chr17,minigraph-cactus,new,Building skeleton,section,57.9,3.058,1.566
chr17,pggb,new,Parsing layout,section,2.7,0.16,0.097
chr17,pggb,new,Gathering paths from GFA,step,66.9,1.634,1.474
chr17,pggb,new,Gathering segments and links from GFA,step,31.5,2.989,1.675
chr17,pggb,new,Parsing GFA file: chr17.hprc-v1.0-pggb.sorted.gfa,section,100.9,2.989,2.829
chr17,pggb,new,Building graph,step,13.4,2.813,1.954
chr17,pggb,new,Compacting graph,step,13.3,3.104,1.564
chr17,pggb,new,Finding bubbles and chains,step,18.6,2.305,0.425
chr17,pggb,new,Indexing bubbles,step,19.5,2.122,0.325
chr17,pggb,new,Finding bubbles,section,65.0,3.104,1.531
chr17,pggb,new,Loading top-level bubbles,step,8.4,2.752,0.135
chr17,pggb,new,Assembling chains,step,0.9,2.803,0.051
chr17,pggb,new,Decomposing chains,step,16.6,3.016,0.213
chr17,pggb,new,Saving polychain index,step,4.5,2.977,0.0
chr17,pggb,new,Exporting polychain data,step,32.7,2.248,-0.434
chr17,pggb,new,Building polychain index,section,63.2,3.016,1.265
chr17,pggb,new,Computing subpath bp ranges,section,7.4,2.235,0.005
chr17,pggb,new,Computing graph topology,step,21.8,2.314,0.081
chr17,pggb,new,Building polylines,step,5.2,3.182,0.868
chr17,pggb,new,Building reference spine,step,7.3,3.431,0.248
chr17,pggb,new,Annotating chains,step,10.7,3.339,0.142
chr17,pggb,new,Exporting skeleton,step,28.0,3.857,0.518
chr17,pggb,new,Computing graph metadata,step,0.3,3.447,0.027
chr17,pggb,new,Building skeleton,section,73.3,3.857,1.623
chr18,minigraph-cactus,new,Parsing layout,section,1.5,0.141,0.062
chr18,minigraph-cactus,new,Gathering paths from GFA,step,30.2,1.02,0.882
chr18,minigraph-cactus,new,Gathering segments and links from GFA,step,23.3,2.352,1.401
chr18,minigraph-cactus,new,Parsing GFA file: chr18.hprc-v1.1-mc-grch38.gfa,section,55.7,2.352,2.211
chr18,minigraph-cactus,new,Building graph,step,10.2,2.312,1.005
chr18,minigraph-cactus,new,Compacting graph,step,10.7,2.506,1.358
chr18,minigraph-cactus,new,Finding bubbles and chains,step,13.6,1.883,0.396
chr18,minigraph-cactus,new,Indexing bubbles,step,16.5,2.319,0.577
chr18,minigraph-cactus,new,Finding bubbles,section,51.0,2.506,1.814
chr18,minigraph-cactus,new,Loading top-level bubbles,step,7.0,1.974,0.942
chr18,minigraph-cactus,new,Assembling chains,step,0.7,2.061,0.087
chr18,minigraph-cactus,new,Decomposing chains,step,14.3,2.214,0.153
chr18,minigraph-cactus,new,Saving polychain index,step,1.4,2.14,0.0
chr18,minigraph-cactus,new,Exporting polychain data,step,11.0,1.346,-0.494
chr18,minigraph-cactus,new,Building polychain index,section,34.6,2.214,1.182
chr18,minigraph-cactus,new,Computing subpath bp ranges,section,3.0,1.383,0.05
chr18,minigraph-cactus,new,Computing graph topology,step,16.7,1.667,0.319
chr18,minigraph-cactus,new,Building polylines,step,3.8,2.182,0.515
chr18,minigraph-cactus,new,Building reference spine,step,6.5,2.403,0.212
chr18,minigraph-cactus,new,Annotating chains,step,8.1,2.328,0.117
chr18,minigraph-cactus,new,Exporting skeleton,step,17.4,2.747,0.419
chr18,minigraph-cactus,new,Computing graph metadata,step,0.2,2.532,0.073
chr18,minigraph-cactus,new,Building skeleton,section,52.7,2.747,1.399
chr18,pggb,new,Parsing layout,section,2.7,0.161,0.082
chr18,pggb,new,Gathering paths from GFA,step,60.4,1.525,1.364
chr18,pggb,new,Gathering segments and links from GFA,step,32.3,3.121,1.847
chr18,pggb,new,Parsing GFA file: chr18.hprc-v1.0-pggb.sorted.gfa,section,94.8,3.121,2.959
chr18,pggb,new,Building graph,step,13.7,3.044,2.071
chr18,pggb,new,Compacting graph,step,13.6,3.387,1.76
chr18,pggb,new,Finding bubbles and chains,step,19.0,2.422,0.372
chr18,pggb,new,Indexing bubbles,step,19.5,2.23,0.34
chr18,pggb,new,Finding bubbles,section,66.0,3.387,1.566
chr18,pggb,new,Loading top-level bubbles,step,9.1,3.209,0.767
chr18,pggb,new,Assembling chains,step,1.0,3.262,0.053
chr18,pggb,new,Decomposing chains,step,17.2,3.44,0.178
chr18,pggb,new,Saving polychain index,step,4.8,3.44,0.0
chr18,pggb,new,Exporting polychain data,step,33.9,2.633,-0.484
chr18,pggb,new,Building polychain index,section,66.2,3.44,0.997
chr18,pggb,new,Computing subpath bp ranges,section,6.7,2.62,0.005
chr18,pggb,new,Computing graph topology,step,22.8,2.738,0.121
chr18,pggb,new,Building polylines,step,5.3,3.617,0.879
chr18,pggb,new,Building reference spine,step,6.4,3.825,0.208
chr18,pggb,new,Annotating chains,step,10.8,3.77,0.139
chr18,pggb,new,Exporting skeleton,step,28.9,4.294,0.524
chr18,pggb,new,Computing graph metadata,step,0.3,3.876,0.028
chr18,pggb,new,Building skeleton,section,74.6,4.294,1.677
chr19,minigraph-cactus,new,Parsing layout,section,1.4,0.139,0.059
chr19,minigraph-cactus,new,Gathering paths from GFA,step,26.9,0.927,0.788
chr19,minigraph-cactus,new,Gathering segments and links from GFA,step,22.7,2.275,1.36
chr19,minigraph-cactus,new,Parsing GFA file: chr19.hprc-v1.1-mc-grch38.gfa,section,51.6,2.275,2.137
chr19,minigraph-cactus,new,Building graph,step,10.0,2.207,0.804
chr19,minigraph-cactus,new,Compacting graph,step,10.4,2.308,1.107
chr19,minigraph-cactus,new,Finding bubbles and chains,step,12.8,1.634,0.326
chr19,minigraph-cactus,new,Indexing bubbles,step,16.2,1.793,0.58
chr19,minigraph-cactus,new,Finding bubbles,section,49.5,2.308,0.905
chr19,minigraph-cactus,new,Loading top-level bubbles,step,6.2,1.959,0.843
chr19,minigraph-cactus,new,Assembling chains,step,0.6,2.034,0.075
chr19,minigraph-cactus,new,Decomposing chains,step,14.4,2.188,0.154
chr19,minigraph-cactus,new,Saving polychain index,step,1.7,2.119,0.0
chr19,minigraph-cactus,new,Exporting polychain data,step,12.7,1.413,-0.656
chr19,minigraph-cactus,new,Building polychain index,section,35.7,2.188,0.184
chr19,minigraph-cactus,new,Computing subpath bp ranges,section,2.7,1.329,-0.015
chr19,minigraph-cactus,new,Computing graph topology,step,16.4,1.792,0.452
chr19,minigraph-cactus,new,Building polylines,step,3.8,2.314,0.522
chr19,minigraph-cactus,new,Building reference spine,step,5.9,2.507,0.205
chr19,minigraph-cactus,new,Annotating chains,step,8.6,2.43,0.095
chr19,minigraph-cactus,new,Exporting skeleton,step,16.7,2.694,0.265
chr19,minigraph-cactus,new,Computing graph metadata,step,0.2,2.515,0.04
chr19,minigraph-cactus,new,Building skeleton,section,51.6,2.694,1.366
chr19,pggb,new,Parsing layout,section,3.0,0.168,0.089
chr19,pggb,new,Gathering paths from GFA,step,47.8,1.474,1.306
chr19,pggb,new,Gathering segments and links from GFA,step,33.7,3.13,1.898
chr19,pggb,new,Parsing GFA file: chr19.hprc-v1.0-pggb.sorted.gfa,section,83.6,3.13,2.963
chr19,pggb,new,Building graph,step,14.6,3.26,1.494
chr19,pggb,new,Compacting graph,step,14.8,3.43,1.775
chr19,pggb,new,Finding bubbles and chains,step,21.8,2.393,0.455
chr19,pggb,new,Indexing bubbles,step,22.0,2.145,0.366
chr19,pggb,new,Finding bubbles,section,73.3,3.43,1.663
chr19,pggb,new,Loading top-level bubbles,step,9.3,2.787,0.952
chr19,pggb,new,Assembling chains,step,1.0,2.815,0.028
chr19,pggb,new,Decomposing chains,step,18.1,3.042,0.227
chr19,pggb,new,Saving polychain index,step,4.6,3.043,0.0
chr19,pggb,new,Exporting polychain data,step,29.0,2.409,0.034
chr19,pggb,new,Building polychain index,section,62.1,3.043,1.207
chr19,pggb,new,Computing subpath bp ranges,section,4.9,2.391,0.005
chr19,pggb,new,Computing graph topology,step,23.7,2.478,0.087
chr19,pggb,new,Building polylines,step,5.6,3.285,0.807
chr19,pggb,new,Building reference spine,step,6.3,3.496,0.223
chr19,pggb,new,Annotating chains,step,11.4,3.458,0.145
chr19,pggb,new,Exporting skeleton,step,33.0,4.059,0.6
chr19,pggb,new,Computing graph metadata,step,0.3,3.571,0.009
chr19,pggb,new,Building skeleton,section,80.3,4.059,1.668
chr20,minigraph-cactus,new,Parsing layout,section,1.4,0.133,0.06
chr20,minigraph-cactus,new,Gathering paths from GFA,step,25.5,0.899,0.765
chr20,minigraph-cactus,new,Gathering segments and links from GFA,step,20.1,2.059,1.196
chr20,minigraph-cactus,new,Parsing GFA file: chr20.hprc-v1.1-mc-grch38.gfa,section,47.5,2.059,1.928
chr20,minigraph-cactus,new,Building graph,step,8.9,1.928,0.572
chr20,minigraph-cactus,new,Compacting graph,step,8.6,2.128,1.058
chr20,minigraph-cactus,new,Finding bubbles and chains,step,10.3,1.572,0.237
chr20,minigraph-cactus,new,Indexing bubbles,step,14.1,1.783,0.563
chr20,minigraph-cactus,new,Finding bubbles,section,42.0,2.128,0.772
chr20,minigraph-cactus,new,Loading top-level bubbles,step,6.0,2.007,0.355
chr20,minigraph-cactus,new,Assembling chains,step,0.6,2.076,0.069
chr20,minigraph-cactus,new,Decomposing chains,step,12.2,2.132,0.115
chr20,minigraph-cactus,new,Saving polychain index,step,1.3,2.132,0.0
chr20,minigraph-cactus,new,Exporting polychain data,step,9.8,1.447,-0.507
chr20,minigraph-cactus,new,Building polychain index,section,30.0,2.132,0.926
chr20,minigraph-cactus,new,Computing subpath bp ranges,section,2.5,1.441,0.003
chr20,minigraph-cactus,new,Computing graph topology,step,14.3,1.665,0.225
chr20,minigraph-cactus,new,Building polylines,step,3.3,2.216,0.551
chr20,minigraph-cactus,new,Building reference spine,step,5.5,2.404,0.188
chr20,minigraph-cactus,new,Annotating chains,step,7.4,2.322,0.078
chr20,minigraph-cactus,new,Exporting skeleton,step,14.1,2.571,0.249
chr20,minigraph-cactus,new,Computing graph metadata,step,0.2,2.403,0.032
chr20,minigraph-cactus,new,Building skeleton,section,44.7,2.571,1.131
chr20,pggb,new,Parsing layout,section,2.8,0.161,0.093
chr20,pggb,new,Gathering paths from GFA,step,49.5,1.443,1.283
chr20,pggb,new,Gathering segments and links from GFA,step,31.2,3.044,1.664
chr20,pggb,new,Parsing GFA file: chr20.hprc-v1.0-pggb.sorted.gfa,section,82.5,3.044,2.88
chr20,pggb,new,Building graph,step,13.8,3.035,1.165
chr20,pggb,new,Compacting graph,step,13.5,3.376,1.779
chr20,pggb,new,Finding bubbles and chains,step,21.5,2.403,0.393
chr20,pggb,new,Indexing bubbles,step,19.4,2.176,0.331
chr20,pggb,new,Finding bubbles,section,68.3,3.376,2.55
chr20,pggb,new,Loading top-level bubbles,step,8.8,2.84,0.905
chr20,pggb,new,Assembling chains,step,0.9,2.877,0.037
chr20,pggb,new,Decomposing chains,step,17.2,3.093,0.216
chr20,pggb,new,Saving polychain index,step,5.5,3.093,0.0
chr20,pggb,new,Exporting polychain data,step,35.8,2.421,-0.472
chr20,pggb,new,Building polychain index,section,68.4,3.093,1.158
chr20,pggb,new,Computing subpath bp ranges,section,5.5,2.407,0.004
chr20,pggb,new,Computing graph topology,step,22.1,2.488,0.053
chr20,pggb,new,Building polylines,step,5.3,3.328,0.84
chr20,pggb,new,Building reference spine,step,5.5,3.512,0.184
chr20,pggb,new,Annotating chains,step,10.3,3.483,0.129
chr20,pggb,new,Exporting skeleton,step,31.2,4.053,0.571
chr20,pggb,new,Computing graph metadata,step,0.3,3.589,0.018
chr20,pggb,new,Building skeleton,section,74.7,4.053,1.618
chr21,minigraph-cactus,new,Parsing layout,section,0.9,0.116,0.035
chr21,minigraph-cactus,new,Gathering paths from GFA,step,19.3,0.709,0.593
chr21,minigraph-cactus,new,Gathering segments and links from GFA,step,14.6,1.491,0.821
chr21,minigraph-cactus,new,Parsing GFA file: chr21.hprc-v1.1-mc-grch38.gfa,section,35.1,1.491,1.374
chr21,minigraph-cactus,new,Building graph,step,6.5,1.379,0.816
chr21,minigraph-cactus,new,Compacting graph,step,6.9,1.481,0.219
chr21,minigraph-cactus,new,Finding bubbles and chains,step,8.5,1.109,0.1
chr21,minigraph-cactus,new,Indexing bubbles,step,10.0,1.27,0.399
chr21,minigraph-cactus,new,Finding bubbles,section,31.9,1.481,0.45
chr21,minigraph-cactus,new,Loading top-level bubbles,step,3.9,1.409,0.357
chr21,minigraph-cactus,new,Assembling chains,step,0.4,1.46,0.051
chr21,minigraph-cactus,new,Decomposing chains,step,8.8,1.497,0.037
chr21,minigraph-cactus,new,Saving polychain index,step,1.0,1.497,0.0
chr21,minigraph-cactus,new,Exporting polychain data,step,7.9,1.028,0.028
chr21,minigraph-cactus,new,Building polychain index,section,22.2,1.497,-0.13
chr21,minigraph-cactus,new,Computing subpath bp ranges,section,1.9,1.009,-0.016
chr21,minigraph-cactus,new,Computing graph topology,step,10.5,1.201,0.192
chr21,minigraph-cactus,new,Building polylines,step,2.4,1.601,0.4
chr21,minigraph-cactus,new,Building reference spine,step,3.8,1.72,0.119
chr21,minigraph-cactus,new,Annotating chains,step,5.4,1.672,0.058
chr21,minigraph-cactus,new,Exporting skeleton,step,9.5,1.82,0.148
chr21,minigraph-cactus,new,Computing graph metadata,step,0.1,1.737,0.029
chr21,minigraph-cactus,new,Building skeleton,section,31.6,1.82,0.797
chr21,minigraph-cactus,old,Parsing layout,section,0.9,0.118,0.049
chr21,minigraph-cactus,old,Gathering paths from GFA,step,18.6,0.71,0.595
chr21,minigraph-cactus,old,Gathering segments and links from GFA,step,14.1,1.49,0.819
chr21,minigraph-cactus,old,Parsing GFA file: chr21.hprc-v1.1-mc-grch38.gfa,section,33.9,1.49,1.375
chr21,minigraph-cactus,old,Loading BubbleGun,step,8.6,2.209,1.171
chr21,minigraph-cactus,old,Compacting graph,step,0.8,2.224,0.001
chr21,minigraph-cactus,old,Finding bubbles and chains,step,12.5,3.063,0.84
chr21,minigraph-cactus,old,Indexing bubbles,step,8.9,3.738,0.767
chr21,minigraph-cactus,old,Finding bubbles,section,30.8,3.738,3.301
chr21,minigraph-cactus,old,Loading top-level bubbles,step,3.8,1.202,0.506
chr21,minigraph-cactus,old,Assembling chains,step,0.4,1.248,0.046
chr21,minigraph-cactus,old,Decomposing chains,step,9.0,1.333,0.085
chr21,minigraph-cactus,old,Saving polychain index,step,1.0,1.316,0.0
chr21,minigraph-cactus,old,Exporting polychain data,step,7.7,1.063,-0.253
chr21,minigraph-cactus,old,Building polychain index,section,22.0,1.333,0.636
chr21,minigraph-cactus,old,Computing subpath bp ranges,section,1.9,0.878,0.034
chr21,minigraph-cactus,old,Computing graph topology,step,10.3,1.065,0.186
chr21,minigraph-cactus,old,Building polylines,step,2.2,1.397,0.332
chr21,minigraph-cactus,old,Building reference spine,step,3.7,1.521,0.125
chr21,minigraph-cactus,old,Annotating chains,step,5.4,1.496,0.081
chr21,minigraph-cactus,old,Exporting skeleton,step,9.5,1.698,0.201
chr21,minigraph-cactus,old,Computing graph metadata,step,0.1,1.636,0.022
chr21,minigraph-cactus,old,Building skeleton,section,31.2,1.698,0.819
chr21,pggb,new,Parsing layout,section,2.7,0.16,0.084
chr21,pggb,new,Gathering paths from GFA,step,47.7,1.296,1.137
chr21,pggb,new,Gathering segments and links from GFA,step,30.8,2.843,1.624
chr21,pggb,new,Parsing GFA file: chr21.hprc-v1.0-pggb.sorted.gfa,section,79.8,2.843,2.683
chr21,pggb,new,Building graph,step,13.5,2.969,2.097
chr21,pggb,new,Compacting graph,step,13.3,3.132,1.538
chr21,pggb,new,Finding bubbles and chains,step,21.3,2.487,0.477
chr21,pggb,new,Indexing bubbles,step,18.8,2.187,0.231
chr21,pggb,new,Finding bubbles,section,67.1,3.132,1.433
chr21,pggb,new,Loading top-level bubbles,step,8.1,2.737,1.0
chr21,pggb,new,Assembling chains,step,0.9,2.777,0.04
chr21,pggb,new,Decomposing chains,step,16.8,2.987,0.211
chr21,pggb,new,Saving polychain index,step,5.3,2.987,0.0
chr21,pggb,new,Exporting polychain data,step,36.1,2.567,-0.272
chr21,pggb,new,Building polychain index,section,67.3,2.987,0.637
chr21,pggb,new,Computing subpath bp ranges,section,5.1,2.553,0.003
chr21,pggb,new,Computing graph topology,step,21.9,2.632,0.08
chr21,pggb,new,Building polylines,step,5.3,3.307,0.674
chr21,pggb,new,Building reference spine,step,4.0,3.435,0.141
chr21,pggb,new,Annotating chains,step,10.6,3.457,0.134
chr21,pggb,new,Exporting skeleton,step,29.2,3.965,0.507
chr21,pggb,new,Computing graph metadata,step,0.3,3.565,0.011
chr21,pggb,new,Building skeleton,section,71.2,3.965,1.412
chr22,minigraph-cactus,new,Parsing layout,section,1.0,0.117,0.043
chr22,minigraph-cactus,new,Gathering paths from GFA,step,16.6,0.729,0.612
chr22,minigraph-cactus,new,Gathering segments and links from GFA,step,13.5,1.508,0.832
chr22,minigraph-cactus,new,Parsing GFA file: chr22.hprc-v1.1-mc-grch38.gfa,section,31.3,1.508,1.393
chr22,minigraph-cactus,new,Building graph,step,6.1,1.397,0.944
chr22,minigraph-cactus,new,Compacting graph,step,6.3,1.519,0.407
chr22,minigraph-cactus,new,Finding bubbles and chains,step,7.6,1.16,0.238
chr22,minigraph-cactus,new,Indexing bubbles,step,9.9,1.382,0.292
chr22,minigraph-cactus,new,Finding bubbles,section,29.9,1.519,0.93
chr22,minigraph-cactus,new,Loading top-level bubbles,step,3.8,1.431,0.508
chr22,minigraph-cactus,new,Assembling chains,step,0.4,1.479,0.048
chr22,minigraph-cactus,new,Decomposing chains,step,8.7,1.531,0.052
chr22,minigraph-cactus,new,Saving polychain index,step,1.1,1.531,0.0
chr22,minigraph-cactus,new,Exporting polychain data,step,7.7,1.098,-0.431
chr22,minigraph-cactus,new,Building polychain index,section,21.7,1.531,0.609
chr22,minigraph-cactus,new,Computing subpath bp ranges,section,1.7,1.087,-0.003
chr22,minigraph-cactus,new,Computing graph topology,step,10.0,1.233,0.133
chr22,minigraph-cactus,new,Building polylines,step,2.3,1.619,0.387
chr22,minigraph-cactus,new,Building reference spine,step,3.8,1.746,0.127
chr22,minigraph-cactus,new,Annotating chains,step,5.2,1.693,0.055
chr22,minigraph-cactus,new,Exporting skeleton,step,10.0,1.86,0.167
chr22,minigraph-cactus,new,Computing graph metadata,step,0.1,1.755,0.026
chr22,minigraph-cactus,new,Building skeleton,section,31.6,1.86,0.773
chr22,minigraph-cactus,old,Parsing layout,section,0.9,0.116,0.047
chr22,minigraph-cactus,old,Gathering paths from GFA,step,16.6,0.724,0.608
chr22,minigraph-cactus,old,Gathering segments and links from GFA,step,13.7,1.513,0.843
chr22,minigraph-cactus,old,Parsing GFA file: chr22.hprc-v1.1-mc-grch38.gfa,section,31.5,1.513,1.397
chr22,minigraph-cactus,old,Loading BubbleGun,step,8.4,2.189,1.143
chr22,minigraph-cactus,old,Compacting graph,step,0.8,2.195,0.006
chr22,minigraph-cactus,old,Finding bubbles and chains,step,10.7,3.028,0.828
chr22,minigraph-cactus,old,Indexing bubbles,step,8.7,3.714,0.793
chr22,minigraph-cactus,old,Finding bubbles,section,28.7,3.714,3.13
chr22,minigraph-cactus,old,Loading top-level bubbles,step,3.8,1.204,-0.213
chr22,minigraph-cactus,old,Assembling chains,step,0.4,1.248,0.043
chr22,minigraph-cactus,old,Decomposing chains,step,8.9,1.375,0.127
chr22,minigraph-cactus,old,Saving polychain index,step,1.1,1.336,0.0
chr22,minigraph-cactus,old,Exporting polychain data,step,7.4,0.918,0.011
chr22,minigraph-cactus,old,Building polychain index,section,21.6,1.375,-0.042
chr22,minigraph-cactus,old,Computing subpath bp ranges,section,1.7,0.926,0.015
chr22,minigraph-cactus,old,Computing graph topology,step,9.9,1.079,0.153
chr22,minigraph-cactus,old,Building polylines,step,2.3,1.395,0.316
chr22,minigraph-cactus,old,Building reference spine,step,3.7,1.529,0.121
chr22,minigraph-cactus,old,Annotating chains,step,5.1,1.499,0.077
chr22,minigraph-cactus,old,Exporting skeleton,step,10.0,1.733,0.235
chr22,minigraph-cactus,old,Computing graph metadata,step,0.1,1.626,0.033
chr22,minigraph-cactus,old,Building skeleton,section,31.1,1.733,0.807
chr22,pggb,new,Parsing layout,section,3.9,0.19,0.112
chr22,pggb,new,Gathering paths from GFA,step,49.3,1.452,1.264
chr22,pggb,new,Gathering segments and links from GFA,step,50.8,3.53,2.137
chr22,pggb,new,Parsing GFA file: chr22.hprc-v1.0-pggb.sorted.gfa,section,101.4,3.53,3.341
chr22,pggb,new,Building graph,step,19.2,3.949,2.995
chr22,pggb,new,Compacting graph,step,19.2,4.054,2.009
chr22,pggb,new,Finding bubbles and chains,step,28.1,2.761,0.645
chr22,pggb,new,Indexing bubbles,step,26.1,2.296,0.276
chr22,pggb,new,Finding bubbles,section,92.6,4.054,3.099
chr22,pggb,new,Loading top-level bubbles,step,10.8,3.564,0.912
chr22,pggb,new,Assembling chains,step,1.2,3.607,0.043
chr22,pggb,new,Decomposing chains,step,23.7,3.905,0.304
chr22,pggb,new,Saving polychain index,step,7.0,3.903,0.0
chr22,pggb,new,Exporting polychain data,step,43.0,3.488,-0.01
chr22,pggb,new,Building polychain index,section,86.0,3.905,0.955
chr22,pggb,new,Computing subpath bp ranges,section,5.4,3.47,0.003
chr22,pggb,new,Computing graph topology,step,29.6,3.575,0.109
chr22,pggb,new,Building polylines,step,6.7,4.335,0.76
chr22,pggb,new,Building reference spine,step,3.9,4.46,0.125
chr22,pggb,new,Annotating chains,step,14.4,4.539,0.189
chr22,pggb,new,Exporting skeleton,step,45.5,5.369,0.83
chr22,pggb,new,Computing graph metadata,step,0.4,4.649,-0.009
chr22,pggb,new,Building skeleton,section,100.5,5.369,1.903
chrX,pggb,new,Parsing layout,section,3.7,0.18,0.114
chrX,pggb,new,Gathering paths from GFA,step,64.7,1.591,1.411
chrX,pggb,new,Gathering segments and links from GFA,step,42.6,3.599,2.096
chrX,pggb,new,Parsing GFA file: chrX.hprc-v1.0-pggb.sorted.gfa,section,111.3,3.599,3.419
chrX,pggb,new,Building graph,step,18.6,3.44,2.521
chrX,pggb,new,Compacting graph,step,18.2,3.725,2.197
chrX,pggb,new,Finding bubbles and chains,step,25.4,2.563,0.525
chrX,pggb,new,Indexing bubbles,step,25.9,2.399,0.539
chrX,pggb,new,Finding bubbles,section,88.3,3.725,2.806
chrX,pggb,new,Loading top-level bubbles,step,11.3,3.695,0.699
chrX,pggb,new,Assembling chains,step,1.2,3.73,0.035
chrX,pggb,new,Decomposing chains,step,20.4,3.958,0.227
chrX,pggb,new,Saving polychain index,step,5.2,3.958,0.0
chrX,pggb,new,Exporting polychain data,step,39.1,2.953,-0.509
chrX,pggb,new,Building polychain index,section,77.4,3.958,0.962
chrX,pggb,new,Computing subpath bp ranges,section,7.9,2.942,0.006
chrX,pggb,new,Computing graph topology,step,27.5,3.068,0.125
chrX,pggb,new,Building polylines,step,6.7,4.151,1.083
chrX,pggb,new,Building reference spine,step,9.8,4.476,0.325
chrX,pggb,new,Annotating chains,step,13.0,4.346,0.157
chrX,pggb,new,Exporting skeleton,step,38.0,5.004,0.658
chrX,pggb,new,Computing graph metadata,step,0.4,4.474,0.034
chrX,pggb,new,Building skeleton,section,95.4,5.004,2.062
chrY,pggb,new,Parsing layout,section,0.3,0.087,0.015
chrY,pggb,new,Gathering paths from GFA,step,1.9,0.226,0.139
chrY,pggb,new,Gathering segments and links from GFA,step,3.5,0.467,0.241
chrY,pggb,new,Parsing GFA file: chrY.hprc-v1.0-pggb.sorted.gfa,section,5.7,0.467,0.366
chrY,pggb,new,Building graph,step,1.6,0.532,0.178
chrY,pggb,new,Compacting graph,step,1.5,0.539,0.007
chrY,pggb,new,Finding bubbles and chains,step,2.1,0.467,0.036
chrY,pggb,new,Indexing bubbles,step,2.5,0.459,0.017
chrY,pggb,new,Finding bubbles,section,7.6,0.539,0.335
chrY,pggb,new,Loading top-level bubbles,step,1.0,0.486,-0.033
chrY,pggb,new,Assembling chains,step,0.1,0.491,0.005
chrY,pggb,new,Decomposing chains,step,1.8,0.558,0.065
chrY,pggb,new,Saving polychain index,step,0.7,0.558,0.001
chrY,pggb,new,Exporting polychain data,step,3.8,0.558,0.0
chrY,pggb,new,Building polychain index,section,7.4,0.558,0.039
chrY,pggb,new,Computing subpath bp ranges,section,0.3,0.549,-0.001
chrY,pggb,new,Computing graph topology,step,2.4,0.558,0.009
chrY,pggb,new,Building polylines,step,0.5,0.575,0.016
chrY,pggb,new,Building reference spine,step,1.1,0.614,0.052
chrY,pggb,new,Annotating chains,step,1.1,0.597,0.008
chrY,pggb,new,Exporting skeleton,step,4.2,0.691,0.094
chrY,pggb,new,Building skeleton,section,9.4,0.691,0.142
chrX,minigraph-cactus,new,Parsing layout,section,3.0,0.17,0.106
chrX,minigraph-cactus,new,Gathering paths from GFA,step,50.5,1.358,1.188
chrX,minigraph-cactus,new,Gathering segments and links from GFA,step,38.4,3.249,1.904
chrX,minigraph-cactus,new,Parsing GFA file: chrX.hprc-v1.1-mc-grch38.gfa,section,96.8,3.249,3.081
chrX,minigraph-cactus,new,Building graph,step,13.5,3.067,1.212
chrX,minigraph-cactus,new,Compacting graph,step,14.8,3.259,1.8
chrX,minigraph-cactus,new,Finding bubbles and chains,step,18.4,2.328,0.572
chrX,minigraph-cactus,new,Indexing bubbles,step,23.4,2.39,0.686
chrX,minigraph-cactus,new,Finding bubbles,section,70.1,3.259,2.184
chrX,minigraph-cactus,new,Loading top-level bubbles,step,9.6,3.079,0.6
chrX,minigraph-cactus,new,Assembling chains,step,1.0,3.207,0.128
chrX,minigraph-cactus,new,Decomposing chains,step,21.0,3.265,0.171
chrX,minigraph-cactus,new,Saving polychain index,step,2.3,3.266,0.0
chrX,minigraph-cactus,new,Exporting polychain data,step,17.1,2.043,-0.757
chrX,minigraph-cactus,new,Building polychain index,section,51.1,3.266,0.787
chrX,minigraph-cactus,new,Computing subpath bp ranges,section,3.6,1.974,-0.002
chrX,minigraph-cactus,new,Computing graph topology,step,24.9,2.477,0.503
chrX,minigraph-cactus,new,Building polylines,step,5.7,3.416,0.94
chrX,minigraph-cactus,new,Building reference spine,step,9.7,3.722,0.318
chrX,minigraph-cactus,new,Annotating chains,step,12.5,3.591,0.142
chrX,minigraph-cactus,new,Exporting skeleton,step,13.5,4.387,0.796
chrX,minigraph-cactus,new,Computing graph metadata,step,0.3,3.719,-0.207
chrX,minigraph-cactus,new,Building skeleton,section,66.5,4.387,2.413
chrY,minigraph-cactus,new,Parsing layout,section,0.2,0.085,0.016
chrY,minigraph-cactus,new,Gathering paths from GFA,step,0.4,0.138,0.054
chrY,minigraph-cactus,new,Gathering segments and links from GFA,step,1.8,0.417,0.264
chrY,minigraph-cactus,new,Parsing GFA file: chrY.hprc-v1.1-mc-grch38.gfa,section,2.4,0.417,0.334
chrY,minigraph-cactus,new,Building graph,step,0.8,0.361,0.121
chrY,minigraph-cactus,new,Compacting graph,step,0.7,0.324,-0.036
chrY,minigraph-cactus,new,Finding bubbles and chains,step,1.0,0.289,-0.035
chrY,minigraph-cactus,new,Indexing bubbles,step,1.4,0.297,0.016
chrY,minigraph-cactus,new,Finding bubbles,section,3.8,0.361,0.121
chrY,minigraph-cactus,new,Loading top-level bubbles,step,0.4,0.335,0.003
chrY,minigraph-cactus,new,Decomposing chains,step,1.5,0.384,0.068
chrY,minigraph-cactus,new,Saving polychain index,step,0.1,0.322,0.0
chrY,minigraph-cactus,new,Exporting polychain data,step,0.8,0.324,0.002
chrY,minigraph-cactus,new,Building polychain index,section,2.8,0.384,0.049
chrY,minigraph-cactus,new,Computing graph topology,step,1.2,0.328,0.005
chrY,minigraph-cactus,new,Building polylines,step,0.3,0.342,0.014
chrY,minigraph-cactus,new,Building reference spine,step,0.4,0.363,0.021
chrY,minigraph-cactus,new,Annotating chains,step,0.8,0.36,0.005
chrY,minigraph-cactus,new,Exporting skeleton,step,1.0,0.41,0.05
chrY,minigraph-cactus,new,Building skeleton,section,3.8,0.41,0.086
